item, sku, size, order_num, purchase_price, status, status_update_date, date_of_purchase
Jordan 14 Retro Winterized Archaeo Brown, DO9406-200, 11, 31590844-31490603, 212.23, Shipped To StockX, Fri 24 Dec 2021 - 12:51:40 AM, Not Set
Jordan 6 Retro Carmine 2021 (GS), 384665-106, 7Y, 31301617-31201376, 137.14, Verified & Shipped, Fri 24 Dec 2021 - 01:09:31 AM, Not Set
Jordan 14 Retro Winterized Archaeo Brown, DO9406-200, 7, 31617862-31517621, 170.83, Order Confirmed, Fri 24 Dec 2021 - 01:24:04 AM, Not Set
Jordan 1 Low Team Red (W), DC0774-116, 6W, 31300265-31200024, 209.01, Verified & Shipped, Fri 24 Dec 2021 - 01:28:50 AM, Not Set
Jordan 14 Retro Winterized Archaeo Brown, DO9406-200, 11, 31599490-31499249, 212.23, Shipped To StockX, Fri 24 Dec 2021 - 01:33:27 AM, Not Set
adidas Yeezy Slide Pure (Restock Pair), GW1934, 12, 31481643-31381402, 186.50, Verified & Shipped, Fri 24 Dec 2021 - 01:41:38 AM, Not Set
Jordan 5 Retro Bluebird (W), DD9336-400, 9W, 31506080-31405839, 186.02, Verified & Shipped, Fri 24 Dec 2021 - 03:04:34 AM, Not Set
Jordan 12 Retro Black University Gold, 130690-070, 8, 31207901-31107660, 224.34, Verified & Shipped, Fri 24 Dec 2021 - 06:19:44 AM, Not Set
Jordan 6 Retro Carmine (2021), CT8529-106, 9, 31574130-31473889, 229.91, Shipped To StockX, Fri 24 Dec 2021 - 08:33:49 AM, Not Set
Nike Dunk Low Championship Goldenrod (2021), DD1391-004, 13, 31481776-31381535, 185.47, Verified & Shipped, Fri 24 Dec 2021 - 12:25:26 PM, Not Set
Jordan 5 Retro White Stealth (2021), DD0587-140, 9.5, 31046857-30946616, 208.67, Verified & Shipped, Thu 23 Dec 2021 - 12:03:37 AM, Not Set
Jordan 13 Retro Obsidian Powder Blue White, 414571-144, 10, 31565763-31465522, 178.07, Order Confirmed, Thu 23 Dec 2021 - 12:27:04 AM, Not Set
Jordan 1 Low Green Toe (GS), 553560-371, 5.5Y, 31543015-31442774, 135.14, Verified & Shipped, Thu 23 Dec 2021 - 12:28:00 AM, Not Set
Jordan 5 Retro Bluebird (W), DD9336-400, 9W, 31506080-31405839, 186.02, Shipped To StockX, Thu 23 Dec 2021 - 12:32:07 AM, Not Set
Nike Dunk High Syracuse (2021), DD1399-101, 13, 31568691-31468450, 222.59, Order Confirmed, Thu 23 Dec 2021 - 02:20:53 AM, Not Set
Jordan 1 Mid Triple White 2.0 (2020), 554724-130, 10, 31422150-31321909, 162.74, Verified & Shipped, Thu 23 Dec 2021 - 04:36:04 AM, Not Set
Nike Dunk Low Championship Goldenrod (2021), DD1391-004, 11.5, 31473649-31373408, 186.50, Shipped To StockX, Thu 23 Dec 2021 - 05:25:08 AM, Not Set
Jordan 6 Retro Carmine (2021), CT8529-106, 9, 31574130-31473889, 229.91, Order Confirmed, Thu 23 Dec 2021 - 07:19:29 AM, Not Set
Nike Dunk High Syracuse (2021), DD1399-101, 9.5, 31578146-31477905, 193.19, Order Confirmed, Thu 23 Dec 2021 - 09:33:59 AM, Not Set
adidas Yeezy Slide Pure (Restock Pair), GW1934, 11, 31484025-31383784, 173.14, Verified & Shipped, Thu 23 Dec 2021 - 10:33:45 AM, Not Set
adidas Yeezy Boost 700 MNVN Blue Tint, GZ0711, 7, 31439461-31339220, 209.01, Shipped To StockX, Thu 23 Dec 2021 - 12:24:30 PM, Not Set
adidas Yeezy Boost 700 MNVN Blue Tint, GZ0711, 5, 31552903-31452662, 177.66, Shipped To StockX, Thu 23 Dec 2021 - 12:56:26 PM, Not Set
Nike Dunk Low Championship Goldenrod (2021), DD1391-004, 14, 31554421-31454180, 187.53, Shipped To StockX, Thu 23 Dec 2021 - 12:57:59 PM, Not Set
Jordan 3 Retro Rust Pink (W), CK9246-600, 11.5W, 31345070-31244829, 235.14, Verified & Shipped, Thu 23 Dec 2021 - 12:58:38 PM, Not Set
Jordan 13 Retro Obsidian Powder Blue White, 414571-144, 10.5, 31031336-30931095, 175.71, Delivered, Thu 23 Dec 2021 - 01:31:32 PM, Not Set
Jordan 6 Retro Carmine (2021), CT8529-106, 8.5, 31458573-31358332, 207.97, Verified & Shipped, Thu 23 Dec 2021 - 07:36:00 PM, Not Set
Jordan 14 Retro Winterized Archaeo Brown, DO9406-200, 11.5, 31605286-31505045, 212.23, Order Confirmed, Thu 23 Dec 2021 - 07:44:04 PM, Not Set
Jordan 13 Retro Obsidian Powder Blue White, 414571-144, 8.5, 30952851-30852610, 176.74, Verified & Shipped, Thu 23 Dec 2021 - 08:11:36 PM, Not Set
Nike Air Force 1 Low '07 Light Bone White, CT2302-001, 8, 31378564-31278323, 98.14, Verified & Shipped, Thu 23 Dec 2021 - 08:31:17 PM, Not Set
Jordan 13 Retro Obsidian Powder Blue White, 414571-144, 10, 31565763-31465522, 178.07, Shipped To StockX, Thu 23 Dec 2021 - 08:35:05 PM, Not Set
Jordan 1 Low Green Toe (GS), 553560-371, 6Y, 31597304-31497063, 133.14, Shipped To StockX, Thu 23 Dec 2021 - 08:52:19 PM, Not Set
Nike Dunk Low Championship Goldenrod (2021), DD1391-004, 12, 31493457-31393216, 176.20, Verified & Shipped, Thu 23 Dec 2021 - 08:58:04 PM, Not Set
Nike Dunk Low Archeo Pink (W), DD1503-111, 8W, 31611753-31511512, 178.71, Order Confirmed, Thu 23 Dec 2021 - 10:06:29 PM, Not Set
Jordan 14 Retro Winterized Archaeo Brown, DO9406-200, 11.5, 31612107-31511866, 212.23, Order Confirmed, Thu 23 Dec 2021 - 10:15:47 PM, Not Set
Nike Dunk High Syracuse (2021), DD1399-101, 9.5, 31578146-31477905, 193.19, Shipped To StockX, Thu 23 Dec 2021 - 10:20:29 PM, Not Set
adidas Yeezy Foam RNNR MX Sand Grey, GY3969, 13, 31457816-31357575, 251.86, Verified & Shipped, Thu 23 Dec 2021 - 10:25:38 PM, Not Set
adidas Yeezy Slide Pure (Restock Pair), GW1934, 12, 31554646-31454405, 185.47, Shipped To StockX, Thu 23 Dec 2021 - 10:41:13 PM, Not Set
Jordan 14 Retro Winterized Archaeo Brown, DO9406-200, 11.5, 31613597-31513356, 212.23, Order Confirmed, Thu 23 Dec 2021 - 10:57:54 PM, Not Set
Jordan 14 Retro Winterized Archaeo Brown, DO9406-200, 11.5, 31614873-31514632, 212.23, Order Confirmed, Thu 23 Dec 2021 - 11:38:07 PM, Not Set
Jordan 6 Retro Electric Green, CT8529-003, 11.5, 31458775-31358534, 197.52, Verified & Shipped, Thu 23 Dec 2021 - 11:40:29 PM, Not Set
Jordan 13 Retro Obsidian Powder Blue White, 414571-144, 10.5, 30989813-30889572, 182.95, Verified & Shipped, Wed 22 Dec 2021 - 01:09:31 PM, Not Set
adidas Yeezy Foam RNNR Ochre, GW3354, 11, 31494962-31394721, 184.79, Shipped To StockX, Wed 22 Dec 2021 - 01:55:31 PM, Not Set
Nike Dunk Low Championship Goldenrod (2021), DD1391-004, 9, 31540096-31439855, 156.14, Order Confirmed, Wed 22 Dec 2021 - 02:09:37 PM, Not Set
Jordan 5 Retro Shattered Backboard, DC1060-100, 10.5, 31050059-30949818, 186.06, Delivered, Wed 22 Dec 2021 - 02:49:23 PM, Not Set
adidas Yeezy Boost 700 MNVN Honey Flux, GZ0717, 7.5, 31119258-31019017, 176.74, Delivered, Wed 22 Dec 2021 - 02:49:32 PM, Not Set
adidas Yeezy Slide Pure (Restock Pair), GW1934, 11, 31484025-31383784, 173.14, Shipped To StockX, Wed 22 Dec 2021 - 02:52:45 PM, Not Set
Nike Dunk Low Championship Goldenrod (2021), DD1391-004, 12, 31493457-31393216, 176.20, Shipped To StockX, Wed 22 Dec 2021 - 02:53:55 PM, Not Set
Nike Dunk Low Championship Goldenrod (2021), DD1391-004, 10, 31485717-31385476, 164.14, Shipped To StockX, Wed 22 Dec 2021 - 02:53:59 PM, Not Set
Jordan 1 Low Green Toe (GS), 553560-371, 5.5Y, 31543015-31442774, 135.14, Order Confirmed, Wed 22 Dec 2021 - 03:03:03 PM, Not Set
adidas Yeezy 700 V3 Copper Fade, GY4109, 9.5, 31262373-31162132, 147.71, Verified & Shipped, Wed 22 Dec 2021 - 03:03:20 PM, Not Set
Jordan 6 Retro Carmine (2021), CT8529-106, 8, 31526317-31426076, 232.00, Shipped To StockX, Wed 22 Dec 2021 - 03:16:15 PM, Not Set
Nike Dunk Low Archeo Pink (W), DD1503-111, 9.5W, 30530050-30429809, 174.18, Delivered, Wed 22 Dec 2021 - 03:25:45 PM, Not Set
Nike Dunk Low Archeo Pink (W), DD1503-111, 9.5W, 30530067-30429826, 175.23, Delivered, Wed 22 Dec 2021 - 03:25:58 PM, Not Set
Nike Dunk Low Archeo Pink (W), DD1503-111, 10W, 30525229-30424988, 178.36, Delivered, Wed 22 Dec 2021 - 03:26:03 PM, Not Set
Nike Dunk Low Archeo Pink (W), DD1503-111, 9.5W, 30525249-30425008, 178.36, Delivered, Wed 22 Dec 2021 - 03:26:07 PM, Not Set
Nike Dunk Low Archeo Pink (W), DD1503-111, 9W, 30526032-30425791, 177.32, Delivered, Wed 22 Dec 2021 - 03:26:08 PM, Not Set
Nike Dunk Low Archeo Pink (W), DD1503-111, 9.5W, 30661052-30560811, 173.14, Delivered, Wed 22 Dec 2021 - 03:26:08 PM, Not Set
Jordan 5 Retro Alternate Grape, 136027-500, 12, 31545140-31444899, 261.26, Order Confirmed, Wed 22 Dec 2021 - 03:43:01 PM, Not Set
Jordan 13 Retro Gym Red Flint Grey (GS), 884129-600, 4.5Y, 30672411-30572170, 105.02, Delivered, Wed 22 Dec 2021 - 03:48:36 PM, Not Set
Jordan 6 Retro Carmine 2021 (GS), 384665-106, 5Y, 31510901-31410660, 115.14, Shipped To StockX, Wed 22 Dec 2021 - 04:51:17 PM, Not Set
Jordan 1 Low Green Toe (GS), 553560-371, 5.5Y, 31543015-31442774, 135.14, Shipped To StockX, Wed 22 Dec 2021 - 05:01:44 PM, Not Set
Nike Dunk Low Championship Goldenrod (2021), DD1391-004, 9, 31540096-31439855, 156.14, Shipped To StockX, Wed 22 Dec 2021 - 05:56:32 PM, Not Set
Nike Dunk Low University Gold (W), DQ4690-800, 10W, 31483529-31383288, 145.63, Shipped To StockX, Wed 22 Dec 2021 - 06:04:50 PM, Not Set
adidas Yeezy Slide Pure (Restock Pair), GW1934, 9, 31451908-31351667, 133.14, Shipped To StockX, Wed 22 Dec 2021 - 06:19:41 PM, Not Set
Jordan 13 Retro Gym Red Flint Grey (GS), 884129-600, 7Y, 31481074-31380833, 129.14, Shipped To StockX, Wed 22 Dec 2021 - 06:19:46 PM, Not Set
adidas Yeezy Boost 700 MNVN Blue Tint, GZ0711, 5, 31552903-31452662, 177.66, Order Confirmed, Wed 22 Dec 2021 - 06:46:11 PM, Not Set
adidas Yeezy Slide Pure (Restock Pair), GW1934, 10, 31553313-31453072, 145.14, Order Confirmed, Wed 22 Dec 2021 - 06:55:26 PM, Not Set
Nike Dunk Low Championship Goldenrod (2021), DD1391-004, 14, 31554421-31454180, 187.53, Order Confirmed, Wed 22 Dec 2021 - 07:21:41 PM, Not Set
adidas Yeezy Slide Pure (Restock Pair), GW1934, 12, 31554646-31454405, 185.47, Order Confirmed, Wed 22 Dec 2021 - 07:27:26 PM, Not Set
Nike Dunk Low Championship Goldenrod (2021), DD1391-004, 11.5, 31487072-31386831, 180.32, Shipped To StockX, Wed 22 Dec 2021 - 08:50:17 PM, Not Set
adidas Yeezy Foam RNNR MX Sand Grey, GY3969, 13, 31493698-31393457, 251.86, Shipped To StockX, Wed 22 Dec 2021 - 08:55:11 PM, Not Set
adidas Yeezy Slide Pure (Restock Pair), GW1934, 9, 31497843-31397602, 136.14, Verified & Shipped, Wed 22 Dec 2021 - 08:55:25 PM, Not Set
Jordan 6 Retro Carmine (2021), CT8529-106, 9, 31505650-31405409, 226.78, Verified & Shipped, Wed 22 Dec 2021 - 09:04:39 PM, Not Set
Nike Dunk High Syracuse (2021), DD1399-101, 9, 31559565-31459324, 173.24, Order Confirmed, Wed 22 Dec 2021 - 09:27:53 PM, Not Set
Jordan 3 Retro Rust Pink (W), CK9246-600, 6.5W, 31458479-31358238, 154.67, Verified & Shipped, Wed 22 Dec 2021 - 11:06:50 PM, Not Set
Jordan 6 Retro Carmine (2021), CT8529-106, 9, 31504129-31403888, 229.91, Shipped To StockX, Wed 22 Dec 2021 - 11:09:58 PM, Not Set
adidas Yeezy Foam RNNR MX Sand Grey, GY3969, 13, 31450161-31349920, 251.86, Shipped To StockX, Tue 21 Dec 2021 - 12:46:05 AM, Not Set
adidas Yeezy 700 V3 Copper Fade, GY4109, 9.5, 31429018-31328777, 157.07, Shipped To StockX, Tue 21 Dec 2021 - 03:02:04 AM, Not Set
adidas Yeezy Slide Pure (Restock Pair), GW1934, 12, 31471148-31370907, 186.50, Order Confirmed, Tue 21 Dec 2021 - 03:32:26 AM, Not Set
Nike Dunk Low Championship Goldenrod (2021), DD1391-004, 11, 31472380-31372139, 175.17, Order Confirmed, Tue 21 Dec 2021 - 04:58:21 AM, Not Set
Nike Dunk Low Championship Goldenrod (2021), DD1391-004, 12, 31473148-31372907, 176.20, Order Confirmed, Tue 21 Dec 2021 - 05:48:38 AM, Not Set
Nike Dunk Low Championship Goldenrod (2021), DD1391-004, 11.5, 31473362-31373121, 186.50, Order Confirmed, Tue 21 Dec 2021 - 06:01:33 AM, Not Set
Nike Dunk Low Championship Goldenrod (2021), DD1391-004, 11.5, 31473649-31373408, 186.50, Order Confirmed, Tue 21 Dec 2021 - 06:17:23 AM, Not Set
Jordan 6 Retro Carmine (2021), CT8529-106, 8.5, 31473818-31373577, 226.78, Order Confirmed, Tue 21 Dec 2021 - 06:25:56 AM, Not Set
Jordan 6 Retro Carmine (2021), CT8529-106, 9, 31381910-31281669, 279.03, Verified & Shipped, Tue 21 Dec 2021 - 07:02:22 AM, Not Set
Jordan 6 Retro Electric Green, CT8529-003, 11.5, 31458775-31358534, 197.52, Shipped To StockX, Tue 21 Dec 2021 - 07:03:21 AM, Not Set
Jordan 3 Retro Rust Pink (W), CK9246-600, 6.5W, 31458479-31358238, 154.67, Shipped To StockX, Tue 21 Dec 2021 - 07:05:17 AM, Not Set
Jordan 6 Retro Carmine (2021), CT8529-106, 8.5, 31458573-31358332, 207.97, Shipped To StockX, Tue 21 Dec 2021 - 07:05:24 AM, Not Set
Nike Dunk Low Championship Goldenrod (2021), DD1391-004, 8.5, 31475582-31375341, 158.14, Order Confirmed, Tue 21 Dec 2021 - 07:59:49 AM, Not Set
Nike Dunk Low Championship Goldenrod (2021), DD1391-004, 12, 31475802-31375561, 176.20, Order Confirmed, Tue 21 Dec 2021 - 08:09:01 AM, Not Set
Nike Dunk Low Championship Goldenrod (2021), DD1391-004, 11, 31476399-31376158, 175.17, Order Confirmed, Tue 21 Dec 2021 - 08:35:14 AM, Not Set
Jordan 6 Retro Carmine (2021), CT8529-106, 9.5, 31478525-31378284, 235.14, Order Confirmed, Tue 21 Dec 2021 - 09:35:04 AM, Not Set
Nike Dunk Low Championship Goldenrod (2021), DD1391-004, 10.5, 31479761-31379520, 162.14, Order Confirmed, Tue 21 Dec 2021 - 10:01:28 AM, Not Set
Jordan 13 Retro Gym Red Flint Grey (GS), 884129-600, 7Y, 31481074-31380833, 129.14, Order Confirmed, Tue 21 Dec 2021 - 10:36:51 AM, Not Set
Nike Dunk Low Championship Goldenrod (2021), DD1391-004, 13, 31481776-31381535, 185.47, Order Confirmed, Tue 21 Dec 2021 - 10:55:36 AM, Not Set
Jordan 6 Retro Carmine (2021), CT8529-106, 9, 31378663-31278422, 224.69, Verified & Shipped, Tue 21 Dec 2021 - 11:01:57 AM, Not Set
adidas Yeezy Slide Pure (Restock Pair), GW1934, 12, 31482464-31382223, 187.53, Order Confirmed, Tue 21 Dec 2021 - 11:12:42 AM, Not Set
Nike Dunk Low Championship Goldenrod (2021), DD1391-004, 12, 31482584-31382343, 176.20, Order Confirmed, Tue 21 Dec 2021 - 11:15:56 AM, Not Set
Nike Dunk Low Championship Goldenrod (2021), DD1391-004, 14, 31482602-31382361, 187.53, Order Confirmed, Tue 21 Dec 2021 - 11:16:21 AM, Not Set
Nike Dunk Low University Gold (W), DQ4690-800, 10W, 31483529-31383288, 145.63, Order Confirmed, Tue 21 Dec 2021 - 11:35:08 AM, Not Set
Jordan 1 Mid Triple White 2.0 (2020), 554724-130, 10, 31422150-31321909, 162.74, Shipped To StockX, Tue 21 Dec 2021 - 11:45:45 AM, Not Set
adidas Yeezy Slide Pure (Restock Pair), GW1934, 11, 31484025-31383784, 173.14, Order Confirmed, Tue 21 Dec 2021 - 11:47:28 AM, Not Set
Nike Dunk Low Championship Goldenrod (2021), DD1391-004, 10.5, 31484335-31384094, 160.14, Order Confirmed, Tue 21 Dec 2021 - 11:55:18 AM, Not Set
Nike Dunk Low Championship Goldenrod (2021), DD1391-004, 13, 31485449-31385208, 185.47, Order Confirmed, Tue 21 Dec 2021 - 12:21:45 PM, Not Set
Nike Dunk Low Championship Goldenrod (2021), DD1391-004, 10, 31485717-31385476, 164.14, Order Confirmed, Tue 21 Dec 2021 - 12:28:13 PM, Not Set
adidas Yeezy Boost 700 MNVN Honey Flux, GZ0717, 11, 31459644-31359403, 191.53, Shipped To StockX, Tue 21 Dec 2021 - 12:37:45 PM, Not Set
Nike Dunk Low Championship Goldenrod (2021), DD1391-004, 11.5, 31473362-31373121, 186.50, Shipped To StockX, Tue 21 Dec 2021 - 12:50:53 PM, Not Set
Nike Dunk Low Championship Goldenrod (2021), DD1391-004, 11.5, 31487072-31386831, 180.32, Order Confirmed, Tue 21 Dec 2021 - 01:00:33 PM, Not Set
adidas Yeezy Foam RNNR Ochre, GW3354, 13, 31487493-31387252, 199.49, Order Confirmed, Tue 21 Dec 2021 - 01:08:35 PM, Not Set
adidas Yeezy Slide Pure (Restock Pair), GW1934, 9, 31488198-31387957, 135.14, Order Confirmed, Tue 21 Dec 2021 - 01:19:59 PM, Not Set
Jordan 5 Retro White Stealth (2021), DD0587-140, 8, 30663832-30563591, 188.81, Delivered, Tue 21 Dec 2021 - 01:35:22 PM, Not Set
Nike Dunk Low Archeo Pink (W), DD1503-111, 10.5W, 30428242-30328001, 177.32, Delivered, Tue 21 Dec 2021 - 01:36:24 PM, Not Set
Nike Dunk Low Archeo Pink (W), DD1503-111, 10W, 30428228-30327987, 180.45, Delivered, Tue 21 Dec 2021 - 01:36:24 PM, Not Set
Nike Dunk Low Championship Goldenrod (2021), DD1391-004, 12, 31489957-31389716, 176.20, Order Confirmed, Tue 21 Dec 2021 - 01:48:32 PM, Not Set
adidas Yeezy Foam RNNR MX Sand Grey, GY3969, 11, 31492607-31392366, 218.42, Order Confirmed, Tue 21 Dec 2021 - 02:44:57 PM, Not Set
Nike Dunk Low Championship Goldenrod (2021), DD1391-004, 12, 31493457-31393216, 176.20, Order Confirmed, Tue 21 Dec 2021 - 03:05:08 PM, Not Set
adidas Yeezy Slide Pure (Restock Pair), GW1934, 9, 31493473-31393232, 135.14, Order Confirmed, Tue 21 Dec 2021 - 03:05:49 PM, Not Set
adidas Yeezy Foam RNNR MX Sand Grey, GY3969, 13, 31493698-31393457, 251.86, Order Confirmed, Tue 21 Dec 2021 - 03:10:41 PM, Not Set
Jordan 1 Mid Triple White 2.0 (2020), 554724-130, 10, 31422150-31321909, 162.74, Order Confirmed, Mon 20 Dec 2021 - 03:33:31 AM, Not Set
Jordan 6 Retro Carmine 2021 (GS), 384665-106, 5.5Y, 31382806-31282565, 130.14, Shipped To StockX, Mon 20 Dec 2021 - 07:00:54 AM, Not Set
Jordan 12 Retro Arctic Punch (GS), 510815-101, 6Y, 31381734-31281493, 113.14, Shipped To StockX, Mon 20 Dec 2021 - 07:06:34 AM, Not Set
adidas Yeezy Boost 700 MNVN Blue Tint, GZ0711, 9, 31425859-31325618, 213.19, Order Confirmed, Mon 20 Dec 2021 - 07:28:55 AM, Not Set
Jordan 6 Retro Carmine (2021), CT8529-106, 9, 31381910-31281669, 279.03, Shipped To StockX, Mon 20 Dec 2021 - 07:29:43 AM, Not Set
Jordan 13 Retro Obsidian Powder Blue White, 414571-144, 8.5, 30952851-30852610, 176.74, Shipped To StockX, Mon 20 Dec 2021 - 08:05:09 AM, Not Set
adidas Yeezy 700 V3 Copper Fade, GY4109, 9.5, 31429018-31328777, 157.07, Order Confirmed, Mon 20 Dec 2021 - 09:32:01 AM, Not Set
adidas Yeezy Boost 700 MNVN Blue Tint, GZ0711, 8, 31430559-31330318, 203.79, Order Confirmed, Mon 20 Dec 2021 - 10:17:38 AM, Not Set
Jordan 1 Mid Triple White 2.0 (2020), 554724-130, 11, 31344464-31244223, 162.74, Shipped To StockX, Mon 20 Dec 2021 - 11:38:49 AM, Not Set
adidas Yeezy Foam RNNR MX Sand Grey, GY3969, 12, 31434649-31334408, 227.46, Order Confirmed, Mon 20 Dec 2021 - 11:58:21 AM, Not Set
adidas Yeezy 700 V3 Copper Fade, GY4109, 10, 31398711-31298470, 156.03, Shipped To StockX, Mon 20 Dec 2021 - 12:18:00 PM, Not Set
adidas Yeezy Boost 700 MNVN Honey Flux, GZ0717, 9, 31002148-30901907, 170.53, Delivered, Mon 20 Dec 2021 - 01:02:15 PM, Not Set
adidas Yeezy Boost 700 MNVN Blue Tint, GZ0711, 7, 31439461-31339220, 209.01, Order Confirmed, Mon 20 Dec 2021 - 01:39:26 PM, Not Set
Jordan 6 Retro Carmine 2021 (GS), 384665-106, 7Y, 31301617-31201376, 137.14, Shipped To StockX, Mon 20 Dec 2021 - 02:54:26 PM, Not Set
Nike Dunk Low Archeo Pink (W), DD1503-111, 9.5W, 31197121-31096880, 172.09, Verified & Shipped, Mon 20 Dec 2021 - 03:01:20 PM, Not Set
Jordan 5 Retro Shattered Backboard, DC1060-100, 11, 31016100-30915859, 189.16, Verified & Shipped, Mon 20 Dec 2021 - 03:01:22 PM, Not Set
adidas Yeezy Boost 700 MNVN Blue Tint, GZ0711, 8, 31177639-31077398, 208.67, Delivered, Mon 20 Dec 2021 - 03:12:40 PM, Not Set
Nike Air Force 1 Low White '07, 315122-111/CW2288-111, 11.5, 31045459-30945218, 101.02, Delivered, Mon 20 Dec 2021 - 03:19:00 PM, Not Set
Jordan 13 Retro Obsidian Powder Blue White, 414571-144, 9.5, 30958153-30857912, 186.06, Delivered, Mon 20 Dec 2021 - 03:25:05 PM, Not Set
Jordan 1 Mid Triple White 2.0 (2020), 554724-130, 12, 30825859-30725618, 132.38, Delivered, Mon 20 Dec 2021 - 03:26:35 PM, Not Set
Jordan 6 Retro Carmine (2021), CT8529-106, 13, 30252274-30152033, 236.54, Delivered, Mon 20 Dec 2021 - 03:40:25 PM, Not Set
Jordan 6 Retro Carmine (2021), CT8529-106, 9.5, 29493536-29393295, 235.47, Verified & Shipped, Mon 20 Dec 2021 - 03:53:32 PM, Not Set
adidas Yeezy 700 V3 Copper Fade, GY4109, 9, 31199513-31099272, 156.75, Verified & Shipped, Mon 20 Dec 2021 - 05:03:21 PM, Not Set
adidas Yeezy Foam RNNR MX Sand Grey, GY3969, 13, 31450161-31349920, 251.86, Order Confirmed, Mon 20 Dec 2021 - 05:05:34 PM, Not Set
adidas Yeezy Slide Pure (Restock Pair), GW1934, 9, 31451908-31351667, 133.14, Order Confirmed, Mon 20 Dec 2021 - 05:46:05 PM, Not Set
adidas Yeezy Boost 700 MNVN Honey Flux, GZ0717, 7.5, 31452923-31352682, 166.69, Order Confirmed, Mon 20 Dec 2021 - 06:09:26 PM, Not Set
Jordan 1 Mid Triple White 2.0 (2020), 554724-130, 8, 31398374-31298133, 149.09, Shipped To StockX, Mon 20 Dec 2021 - 06:21:45 PM, Not Set
Jordan 1 Mid Chicago 2020 (GS), 554275-173/554725-173, 7Y, 31148305-31048064, 171.82, Verified & Shipped, Mon 20 Dec 2021 - 07:03:22 PM, Not Set
adidas Yeezy Slide Pure (Restock Pair), GW1934, 12, 31455981-31355740, 185.47, Order Confirmed, Mon 20 Dec 2021 - 07:21:34 PM, Not Set
adidas Yeezy Foam RNNR MX Sand Grey, GY3969, 13, 31457816-31357575, 251.86, Order Confirmed, Mon 20 Dec 2021 - 08:06:29 PM, Not Set
Jordan 3 Retro Rust Pink (W), CK9246-600, 6.5W, 31458479-31358238, 154.67, Order Confirmed, Mon 20 Dec 2021 - 08:19:28 PM, Not Set
Jordan 6 Retro Carmine (2021), CT8529-106, 8.5, 31458573-31358332, 207.97, Order Confirmed, Mon 20 Dec 2021 - 08:21:19 PM, Not Set
Jordan 6 Retro Electric Green, CT8529-003, 11.5, 31458775-31358534, 197.52, Order Confirmed, Mon 20 Dec 2021 - 08:24:54 PM, Not Set
adidas Yeezy Boost 700 MNVN Honey Flux, GZ0717, 11, 31459644-31359403, 191.53, Order Confirmed, Mon 20 Dec 2021 - 08:45:24 PM, Not Set
adidas Yeezy Boost 700 MNVN Honey Flux, GZ0717, 11, 31459802-31359561, 179.11, Order Confirmed, Mon 20 Dec 2021 - 08:48:55 PM, Not Set
Nike Dunk Low Championship Goldenrod (2021), DD1391-004, 10, 31460701-31360460, 166.14, Order Confirmed, Mon 20 Dec 2021 - 09:10:33 PM, Not Set
Nike Dunk Low Championship Goldenrod (2021), DD1391-004, 9.5, 31463167-31362926, 160.14, Order Confirmed, Mon 20 Dec 2021 - 10:10:48 PM, Not Set
adidas Yeezy Boost 700 MNVN Honey Flux, GZ0717, 12, 31466811-31366570, 187.39, Order Confirmed, Mon 20 Dec 2021 - 11:58:32 PM, Not Set
Nike Air Force 1 Low '07 Light Bone White, CT2302-001, 8, 31378564-31278323, 98.14, Order Confirmed, Sun 19 Dec 2021 - 08:35:15 AM, Not Set
Jordan 6 Retro Carmine (2021), CT8529-106, 9, 31378663-31278422, 224.69, Order Confirmed, Sun 19 Dec 2021 - 08:40:27 AM, Not Set
Jordan 12 Retro Arctic Punch (GS), 510815-101, 6Y, 31381734-31281493, 113.14, Order Confirmed, Sun 19 Dec 2021 - 10:25:02 AM, Not Set
Jordan 6 Retro Carmine (2021), CT8529-106, 9, 31381910-31281669, 279.03, Order Confirmed, Sun 19 Dec 2021 - 10:27:11 AM, Not Set
Jordan 6 Retro Carmine 2021 (GS), 384665-106, 5.5Y, 31382806-31282565, 130.14, Order Confirmed, Sun 19 Dec 2021 - 10:42:04 AM, Not Set
Jordan 3 Retro Rust Pink (W), CK9246-600, 11.5W, 31345070-31244829, 235.14, Shipped To StockX, Sun 19 Dec 2021 - 03:06:23 PM, Not Set
Jordan 1 Mid Triple White 2.0 (2020), 554724-130, 8, 31398374-31298133, 149.09, Order Confirmed, Sun 19 Dec 2021 - 04:18:55 PM, Not Set
adidas Yeezy 700 V3 Copper Fade, GY4109, 10, 31398711-31298470, 156.03, Order Confirmed, Sun 19 Dec 2021 - 04:25:46 PM, Not Set
Jordan 3 Retro Rust Pink (W), CK9246-600, 11.5W, 31329368-31229127, 236.18, Shipped To StockX, Sun 19 Dec 2021 - 04:52:45 PM, Not Set
Jordan 1 Mid Triple White 2.0 (2020), 554724-130, 12, 31297196-31196955, 131.24, Shipped To StockX, Sat 18 Dec 2021 - 12:18:44 AM, Not Set
Jordan 1 Mid Chicago 2020 (GS), 554275-173/554725-173, 7Y, 31148305-31048064, 171.82, Shipped To StockX, Sat 18 Dec 2021 - 07:43:59 AM, Not Set
Jordan 3 Retro Rust Pink (W), CK9246-600, 11.5W, 31329368-31229127, 236.18, Order Confirmed, Sat 18 Dec 2021 - 09:54:14 AM, Not Set
Jordan 1 Low Team Red (W), DC0774-116, 6W, 31300265-31200024, 209.01, Shipped To StockX, Sat 18 Dec 2021 - 12:03:13 PM, Not Set
Jordan 1 Mid Triple White 2.0 (2020), 554724-130, 11, 31344464-31244223, 162.74, Order Confirmed, Sat 18 Dec 2021 - 02:28:01 PM, Not Set
Jordan 3 Retro Rust Pink (W), CK9246-600, 11.5W, 31345070-31244829, 235.14, Order Confirmed, Sat 18 Dec 2021 - 02:38:42 PM, Not Set
Jordan 5 Retro Raging Bull Red (2021), DD0587-600, 10, 31000623-30900382, 225.39, Verified & Shipped, Sat 18 Dec 2021 - 03:04:18 PM, Not Set
Jordan 13 Retro Obsidian Powder Blue White, 414571-144, 9.5, 30960933-30860692, 180.88, Verified & Shipped, Sat 18 Dec 2021 - 03:04:52 PM, Not Set
Jordan 5 Retro Bluebird (W), DD9336-400, 9W, 31361425-31261184, 182.89, Order Confirmed, Sat 18 Dec 2021 - 08:07:42 PM, Not Set
Jordan 5 Retro Raging Bull Red (2021), DD0587-600, 9.5, 30923764-30823523, 214.94, Verified & Shipped, Fri 17 Dec 2021 - 12:31:56 AM, Not Set
adidas Yeezy 700 V3 Copper Fade, GY4109, 9.5, 31262373-31162132, 147.71, Order Confirmed, Fri 17 Dec 2021 - 04:37:22 AM, Not Set
Jordan 6 Retro Carmine (2021), CT8529-106, 8, 31231056-31130815, 214.24, Shipped To StockX, Fri 17 Dec 2021 - 06:58:36 AM, Not Set
adidas Yeezy Boost 700 MNVN Honey Flux, GZ0717, 7.5, 31225886-31125645, 166.69, Shipped To StockX, Fri 17 Dec 2021 - 07:09:54 AM, Not Set
adidas Yeezy 700 V3 Copper Fade, GY4109, 9.5, 31262373-31162132, 147.71, Shipped To StockX, Fri 17 Dec 2021 - 12:08:22 PM, Not Set
Jordan 13 Retro Gym Red Flint Grey (GS), 884129-600, 6.5Y, 31244010-31143769, 130.14, Shipped To StockX, Fri 17 Dec 2021 - 12:10:52 PM, Not Set
Jordan 13 Retro Obsidian Powder Blue White, 414571-144, 11, 31119189-31018948, 186.06, Verified & Shipped, Fri 17 Dec 2021 - 01:06:22 PM, Not Set
Nike Dunk Low Archeo Pink (W), DD1503-111, 8.5W, 30592699-30492458, 178.36, Delivered, Fri 17 Dec 2021 - 03:34:11 PM, Not Set
Jordan 6 Retro Electric Green, CT8529-003, 7.5, 30533767-30433526, 166.39, Delivered, Fri 17 Dec 2021 - 03:37:08 PM, Not Set
Jordan 1 Mid Triple White 2.0 (2020), 554724-130, 12, 31297196-31196955, 131.24, Order Confirmed, Fri 17 Dec 2021 - 05:03:26 PM, Not Set
Jordan 1 Low Team Red (W), DC0774-116, 6W, 31300265-31200024, 209.01, Order Confirmed, Fri 17 Dec 2021 - 06:09:15 PM, Not Set
Jordan 6 Retro Carmine 2021 (GS), 384665-106, 7Y, 31301617-31201376, 137.14, Order Confirmed, Fri 17 Dec 2021 - 06:39:55 PM, Not Set
Jordan 13 Retro Obsidian Powder Blue White, 414571-144, 10.5, 30989813-30889572, 182.95, Shipped To StockX, Fri 17 Dec 2021 - 09:10:10 PM, Not Set
Nike Air Force 1 Low White '07, 315122-111/CW2288-111, 11.5, 31045459-30945218, 101.02, Verified & Shipped, Fri 17 Dec 2021 - 09:10:39 PM, Not Set
adidas Yeezy 700 V3 Copper Fade, GY4109, 9.5, 31195560-31095319, 161.95, Order Confirmed, Thu 16 Dec 2021 - 04:30:49 AM, Not Set
Nike Dunk Low Archeo Pink (W), DD1503-111, 9.5W, 31197121-31096880, 172.09, Order Confirmed, Thu 16 Dec 2021 - 05:56:58 AM, Not Set
adidas Yeezy Boost 700 MNVN Blue Tint, GZ0711, 8, 31168268-31068027, 208.67, Shipped To StockX, Thu 16 Dec 2021 - 07:06:03 AM, Not Set
adidas Yeezy 700 V3 Copper Fade, GY4109, 9, 31199513-31099272, 156.75, Order Confirmed, Thu 16 Dec 2021 - 07:26:12 AM, Not Set
Jordan 12 Retro Black University Gold, 130690-070, 8, 31207901-31107660, 224.34, Order Confirmed, Thu 16 Dec 2021 - 10:22:48 AM, Not Set
adidas Yeezy 700 V3 Copper Fade, GY4109, 9.5, 31195560-31095319, 161.95, Shipped To StockX, Thu 16 Dec 2021 - 12:03:09 PM, Not Set
Jordan 5 Retro Raging Bull Red (2021), DD0587-600, 12, 30129564-30029323, 246.83, Delivered, Thu 16 Dec 2021 - 01:24:35 PM, Not Set
Nike Dunk Low Archeo Pink (W), DD1503-111, 9.5W, 31197121-31096880, 172.09, Shipped To StockX, Thu 16 Dec 2021 - 02:33:11 PM, Not Set
Nike Dunk Low Archeo Pink (W), DD1503-111, 9.5W, 31197121-31096880, 172.09, Shipped To StockX, Thu 16 Dec 2021 - 02:33:13 PM, Not Set
adidas Yeezy Boost 700 MNVN Honey Flux, GZ0717, 7.5, 31225886-31125645, 166.69, Order Confirmed, Thu 16 Dec 2021 - 03:03:30 PM, Not Set
Jordan 13 Retro Obsidian Powder Blue White, 414571-144, 12, 30608379-30508138, 179.85, Delivered, Thu 16 Dec 2021 - 03:06:02 PM, Not Set
Jordan 12 Retro Black University Gold, 130690-070, 8, 31207901-31107660, 224.34, Shipped To StockX, Thu 16 Dec 2021 - 03:34:30 PM, Not Set
adidas Yeezy 700 V3 Copper Fade, GY4109, 9, 31199513-31099272, 156.75, Shipped To StockX, Thu 16 Dec 2021 - 03:51:50 PM, Not Set
Jordan 6 Retro Carmine (2021), CT8529-106, 8, 31231056-31130815, 214.24, Order Confirmed, Thu 16 Dec 2021 - 04:17:16 PM, Not Set
adidas Yeezy Boost 700 MNVN Blue Tint, GZ0711, 8, 31168268-31068027, 208.67, Verified & Shipped, Thu 16 Dec 2021 - 05:51:40 PM, Not Set
adidas Yeezy Boost 700 MNVN Honey Flux, GZ0717, 7.5, 31119258-31019017, 176.74, Verified & Shipped, Thu 16 Dec 2021 - 05:54:09 PM, Not Set
adidas Yeezy Boost 700 MNVN Honey Flux, GZ0717, 10.5, 30860012-30759771, 175.71, Delivered, Thu 16 Dec 2021 - 07:31:39 PM, Not Set
Jordan 13 Retro Gym Red Flint Grey (GS), 884129-600, 6.5Y, 31244010-31143769, 130.14, Order Confirmed, Thu 16 Dec 2021 - 08:06:31 PM, Not Set
Jordan 5 Retro Shattered Backboard, DC1060-100, 10.5, 31050059-30949818, 186.06, Verified & Shipped, Thu 16 Dec 2021 - 08:15:09 PM, Not Set
Jordan 13 Retro Obsidian Powder Blue White, 414571-144, 9.5, 30958153-30857912, 186.06, Verified & Shipped, Thu 16 Dec 2021 - 09:11:28 PM, Not Set
Jordan 1 Mid Triple White 2.0 (2020), 554724-130, 12, 30825859-30725618, 132.38, Verified & Shipped, Thu 16 Dec 2021 - 09:14:43 PM, Not Set
Jordan 1 Low Team Red (W), DC0774-116, 5W, 31050265-30950024, 161.64, Verified & Shipped, Thu 16 Dec 2021 - 11:02:59 PM, Not Set
adidas Yeezy Boost 700 MNVN Blue Tint, GZ0711, 8, 31177639-31077398, 208.67, Shipped To StockX, Thu 16 Dec 2021 - 11:11:33 PM, Not Set
adidas Yeezy Boost 700 MNVN Honey Flux, GZ0717, 7.5, 31119258-31019017, 176.74, Shipped To StockX, Wed 15 Dec 2021 - 07:06:32 AM, Not Set
Jordan 13 Retro Obsidian Powder Blue White, 414571-144, 11, 31119189-31018948, 186.06, Shipped To StockX, Wed 15 Dec 2021 - 07:10:27 AM, Not Set
Jordan 1 Mid Chicago 2020 (GS), 554275-173/554725-173, 7Y, 31148305-31048064, 171.82, Order Confirmed, Wed 15 Dec 2021 - 12:56:50 PM, Not Set
Jordan 5 Retro Raging Bull Red (2021), DD0587-600, 11, 30530366-30430125, 245.24, Delivered, Wed 15 Dec 2021 - 01:42:19 PM, Not Set
Jordan 5 Retro Raging Bull Red (2021), DD0587-600, 11, 30542997-30442756, 245.24, Delivered, Wed 15 Dec 2021 - 01:42:20 PM, Not Set
Nike Dunk Low Archeo Pink (W), DD1503-111, 8W, 30309776-30209535, 182.54, Delivered, Wed 15 Dec 2021 - 01:43:45 PM, Not Set
Nike Dunk Low Archeo Pink (W), DD1503-111, 9.5W, 30305244-30205003, 177.55, Delivered, Wed 15 Dec 2021 - 01:43:46 PM, Not Set
Nike Dunk Low Archeo Pink (W), DD1503-111, 9W, 30361802-30261561, 178.36, Delivered, Wed 15 Dec 2021 - 01:43:44 PM, Not Set
Nike Air Force 1 Low White '07, 315122-111/CW2288-111, 11.5, 31045459-30945218, 101.02, Shipped To StockX, Wed 15 Dec 2021 - 02:43:53 PM, Not Set
adidas Yeezy Boost 700 MNVN Blue Tint, GZ0711, 8, 31168268-31068027, 208.67, Order Confirmed, Wed 15 Dec 2021 - 06:20:06 PM, Not Set
adidas Yeezy Boost 700 MNVN Blue Tint, GZ0711, 8, 31177639-31077398, 208.67, Order Confirmed, Wed 15 Dec 2021 - 08:46:43 PM, Not Set
Jordan 13 Retro Obsidian Powder Blue White, 414571-144, 10.5, 30913359-30813118, 185.02, Shipped To StockX, Wed 15 Dec 2021 - 10:34:52 PM, Not Set
Jordan 5 Retro Shattered Backboard, DC1060-100, 10.5, 31050059-30949818, 186.06, Shipped To StockX, Tue 14 Dec 2021 - 07:03:03 AM, Not Set
Jordan 1 Low Team Red (W), DC0774-116, 5W, 31050265-30950024, 161.64, Shipped To StockX, Tue 14 Dec 2021 - 07:03:28 AM, Not Set
Jordan 5 Retro Raging Bull Red (2021), DD0587-600, 12, 30196915-30096674, 246.83, Delivered, Tue 14 Dec 2021 - 01:28:21 PM, Not Set
Nike Dunk Low Archeo Pink (W), DD1503-111, 7W, 30315901-30215660, 181.50, Delivered, Tue 14 Dec 2021 - 03:35:16 PM, Not Set
Nike Dunk Low Archeo Pink (W), DD1503-111, 8.5W, 30305137-30204896, 182.54, Delivered, Tue 14 Dec 2021 - 04:02:27 PM, Not Set
Nike Dunk Low Archeo Pink (W), DD1503-111, 10W, 30258139-30157898, 177.55, Delivered, Tue 14 Dec 2021 - 04:03:10 PM, Not Set
Jordan 5 Retro Raging Bull Red (2021), DD0587-600, 10, 31000623-30900382, 225.39, Shipped To StockX, Tue 14 Dec 2021 - 05:08:21 PM, Not Set
Jordan 13 Retro Gym Red Flint Grey (GS), 884129-600, 4.5Y, 30672411-30572170, 105.02, Verified & Shipped, Tue 14 Dec 2021 - 07:02:28 PM, Not Set
Jordan 12 Retro Arctic Punch (GS), 510815-101, 6.5Y, 31033352-30933111, 124.02, Shipped To StockX, Tue 14 Dec 2021 - 08:52:02 PM, Not Set
Jordan 5 Retro White Stealth (2021), DD0587-140, 8, 30663832-30563591, 188.81, Verified & Shipped, Tue 14 Dec 2021 - 09:51:44 PM, Not Set
Jordan 13 Retro Obsidian Powder Blue White, 414571-144, 11, 31119189-31018948, 186.06, Order Confirmed, Tue 14 Dec 2021 - 11:29:00 PM, Not Set
adidas Yeezy Boost 700 MNVN Honey Flux, GZ0717, 7.5, 31119258-31019017, 176.74, Order Confirmed, Tue 14 Dec 2021 - 11:29:55 PM, Not Set
Jordan 5 Retro Raging Bull Red (2021), DD0587-600, 9.5, 30923764-30823523, 214.94, Shipped To StockX, Mon 13 Dec 2021 - 03:10:46 AM, Not Set
Nike Dunk Low Archeo Pink (W), DD1503-111, 9.5W, 30530050-30429809, 174.18, Verified & Shipped, Mon 13 Dec 2021 - 03:15:47 AM, Not Set
Nike Dunk Low Archeo Pink (W), DD1503-111, 10W, 30525229-30424988, 178.36, Verified & Shipped, Mon 13 Dec 2021 - 03:15:54 AM, Not Set
Nike Dunk Low Archeo Pink (W), DD1503-111, 10.5W, 30428242-30328001, 177.32, Verified & Shipped, Mon 13 Dec 2021 - 03:16:07 AM, Not Set
Nike Dunk Low Archeo Pink (W), DD1503-111, 10W, 30428228-30327987, 180.45, Verified & Shipped, Mon 13 Dec 2021 - 03:16:35 AM, Not Set
Nike Dunk Low Archeo Pink (W), DD1503-111, 9.5W, 30530067-30429826, 175.23, Verified & Shipped, Mon 13 Dec 2021 - 04:14:41 AM, Not Set
Nike Dunk Low Archeo Pink (W), DD1503-111, 9W, 30526032-30425791, 177.32, Verified & Shipped, Mon 13 Dec 2021 - 04:16:02 AM, Not Set
Nike Dunk Low Archeo Pink (W), DD1503-111, 9.5W, 30525249-30425008, 178.36, Verified & Shipped, Mon 13 Dec 2021 - 04:16:22 AM, Not Set
Nike Dunk Low Archeo Pink (W), DD1503-111, 9.5W, 30661052-30560811, 173.14, Verified & Shipped, Mon 13 Dec 2021 - 04:16:41 AM, Not Set
Jordan 5 Retro Raging Bull Red (2021), DD0587-600, 10, 31000623-30900382, 225.39, Order Confirmed, Mon 13 Dec 2021 - 07:20:46 AM, Not Set
adidas Yeezy Boost 700 MNVN Honey Flux, GZ0717, 9, 31002148-30901907, 170.53, Order Confirmed, Mon 13 Dec 2021 - 08:07:41 AM, Not Set
Jordan 5 Retro Shattered Backboard, DC1060-100, 11, 31016100-30915859, 189.16, Order Confirmed, Mon 13 Dec 2021 - 12:21:00 PM, Not Set
adidas Yeezy Boost 700 MNVN Honey Flux, GZ0717, 9, 31002148-30901907, 170.53, Shipped To StockX, Mon 13 Dec 2021 - 01:05:26 PM, Not Set
Nike Dunk Low Archeo Pink (W), DD1503-111, 10W, 30471938-30371697, 179.41, Delivered, Mon 13 Dec 2021 - 04:31:26 PM, Not Set
Jordan 12 Retro Arctic Punch (GS), 510815-101, 6.5Y, 31033352-30933111, 124.02, Order Confirmed, Mon 13 Dec 2021 - 05:08:08 PM, Not Set
Nike Air Force 1 Low White '07, 315122-111/CW2288-111, 11.5, 31045459-30945218, 101.02, Order Confirmed, Mon 13 Dec 2021 - 08:47:29 PM, Not Set
Jordan 13 Retro Obsidian Powder Blue White, 414571-144, 10.5, 30913359-30813118, 185.02, Shipped To StockX, Mon 13 Dec 2021 - 09:00:08 PM, Not Set
Jordan 13 Retro Obsidian Powder Blue White, 414571-144, 10.5, 31031336-30931095, 175.71, Shipped To StockX, Mon 13 Dec 2021 - 09:05:42 PM, Not Set
Jordan 5 Retro White Stealth (2021), DD0587-140, 9.5, 31046857-30946616, 208.67, Order Confirmed, Mon 13 Dec 2021 - 09:12:58 PM, Not Set
Jordan 5 Retro Shattered Backboard, DC1060-100, 11, 31016100-30915859, 189.16, Shipped To StockX, Mon 13 Dec 2021 - 09:16:49 PM, Not Set
Jordan 13 Retro Obsidian Powder Blue White, 414571-144, 10.5, 30989813-30889572, 182.95, Shipped To StockX, Mon 13 Dec 2021 - 09:28:58 PM, Not Set
Jordan 5 Retro Shattered Backboard, DC1060-100, 10.5, 31050059-30949818, 186.06, Order Confirmed, Mon 13 Dec 2021 - 10:09:37 PM, Not Set
Jordan 1 Low Team Red (W), DC0774-116, 5W, 31050265-30950024, 161.64, Order Confirmed, Mon 13 Dec 2021 - 10:12:52 PM, Not Set
Jordan 5 Retro Raging Bull Red (2021), DD0587-600, 9.5, 30923764-30823523, 214.94, Order Confirmed, Sun 12 Dec 2021 - 02:11:01 AM, Not Set
Jordan 13 Retro Obsidian Powder Blue White, 414571-144, 8.5, 30952851-30852610, 176.74, Order Confirmed, Sun 12 Dec 2021 - 02:06:22 PM, Not Set
Jordan 13 Retro Obsidian Powder Blue White, 414571-144, 9.5, 30958153-30857912, 186.06, Order Confirmed, Sun 12 Dec 2021 - 03:22:09 PM, Not Set
Jordan 13 Retro Obsidian Powder Blue White, 414571-144, 9.5, 30960933-30860692, 180.88, Order Confirmed, Sun 12 Dec 2021 - 04:02:12 PM, Not Set
Jordan 13 Retro Obsidian Powder Blue White, 414571-144, 9.5, 30958153-30857912, 186.06, Shipped To StockX, Sun 12 Dec 2021 - 09:02:41 PM, Not Set
Jordan 13 Retro Obsidian Powder Blue White, 414571-144, 9.5, 30960933-30860692, 180.88, Shipped To StockX, Sun 12 Dec 2021 - 09:06:49 PM, Not Set
Jordan 13 Retro Obsidian Powder Blue White, 414571-144, 10.5, 30989813-30889572, 182.95, Order Confirmed, Sun 12 Dec 2021 - 11:59:10 PM, Not Set
Jordan 1 Mid Tropical Twist Igloo (GS), 554725-132, 7Y, 29987153-29886912, 146.92, Delivered, Sat 11 Dec 2021 - 01:26:53 AM, Not Set
Jordan 1 Mid Triple White 2.0 (2020), 554724-130, 12, 30825859-30725618, 132.38, Order Confirmed, Sat 11 Dec 2021 - 04:10:25 AM, Not Set
Jordan 13 Retro Obsidian Powder Blue White, 414571-144, 11.5, 30859662-30759421, 187.09, Order Confirmed, Sat 11 Dec 2021 - 12:27:18 PM, Not Set
adidas Yeezy Boost 700 MNVN Honey Flux, GZ0717, 10.5, 30860012-30759771, 175.71, Order Confirmed, Sat 11 Dec 2021 - 12:29:55 PM, Not Set
adidas Yeezy Boost 700 MNVN Honey Flux, GZ0717, 10.5, 30860012-30759771, 175.71, Shipped To StockX, Sat 11 Dec 2021 - 01:06:33 PM, Not Set
Jordan 3 Retro Rust Pink (W), CK9246-600, 11.5W, 30757157-30656916, 234.79, Shipped To StockX, Sat 11 Dec 2021 - 09:03:58 PM, Not Set
Jordan 13 Retro Obsidian Powder Blue White, 414571-144, 10.5, 30913359-30813118, 185.02, Order Confirmed, Sat 11 Dec 2021 - 10:40:52 PM, Not Set
Jordan 5 Retro White Stealth (2021), DD0587-140, 13, 30435350-30335109, 213.89, Refund Issued, Fri 10 Dec 2021 - 02:41:43 AM, Not Set
Jordan 5 Retro Raging Bull Red (2021), DD0587-600, 11, 30445931-30345690, 242.11, Refund Issued, Fri 10 Dec 2021 - 02:50:31 AM, Not Set
Jordan 3 Retro Rust Pink (W), CK9246-600, 11.5W, 30757157-30656916, 234.79, Order Confirmed, Fri 10 Dec 2021 - 04:11:49 AM, Not Set
Jordan 13 Retro Gym Red Flint Grey (GS), 884129-600, 6.5Y, 30573577-30473336, 125.02, Refund Issued, Fri 10 Dec 2021 - 02:13:59 PM, Not Set
Jordan 13 Retro Gym Red Flint Grey (GS), 884129-600, 6Y, 30573672-30473431, 127.02, Refund Issued, Fri 10 Dec 2021 - 02:14:34 PM, Not Set
Jordan 13 Retro Gym Red Flint Grey (GS), 884129-600, 6.5Y, 30573710-30473469, 114.02, Refund Issued, Fri 10 Dec 2021 - 02:14:51 PM, Not Set
Jordan 13 Retro Gym Red Flint Grey (GS), 884129-600, 6.5Y, 30573748-30473507, 114.02, Refund Issued, Fri 10 Dec 2021 - 02:15:11 PM, Not Set
Jordan 13 Retro Gym Red Flint Grey (GS), 884129-600, 6Y, 30573767-30473526, 114.02, Refund Issued, Fri 10 Dec 2021 - 02:15:21 PM, Not Set
Jordan 13 Retro Gym Red Flint Grey (GS), 884129-600, 6.5Y, 30573786-30473545, 114.02, Refund Issued, Fri 10 Dec 2021 - 02:15:38 PM, Not Set
Jordan 13 Retro Gym Red Flint Grey (GS), 884129-600, 6Y, 30573805-30473564, 119.02, Refund Issued, Fri 10 Dec 2021 - 02:15:50 PM, Not Set
Jordan 13 Retro Gym Red Flint Grey (GS), 884129-600, 6.5Y, 30574389-30474148, 114.02, Refund Issued, Fri 10 Dec 2021 - 02:17:10 PM, Not Set
Nike Dunk Low Archeo Pink (W), DD1503-111, 7.5W, 30299057-30198816, 181.50, Delivered, Fri 10 Dec 2021 - 07:18:51 PM, Not Set
Nike Dunk Low Archeo Pink (W), DD1503-111, 8W, 30471869-30371628, 182.54, Delivered, Fri 10 Dec 2021 - 07:31:16 PM, Not Set
Nike Dunk Low Archeo Pink (W), DD1503-111, 9.5W, 30377577-30277336, 178.36, Delivered, Fri 10 Dec 2021 - 07:31:42 PM, Not Set
Jordan 6 Retro Electric Green, CT8529-003, 7.5, 30533767-30433526, 166.39, Verified & Shipped, Fri 10 Dec 2021 - 08:42:28 PM, Not Set
Nike Dunk Low Archeo Pink (W), DD1503-111, 8.5W, 30592699-30492458, 178.36, Verified & Shipped, Fri 10 Dec 2021 - 09:17:28 PM, Not Set
Jordan 6 Retro Carmine (2021), CT8529-106, 13, 30252274-30152033, 236.54, Verified & Shipped, Fri 10 Dec 2021 - 11:08:45 PM, Not Set
Jordan 5 Retro White Stealth (2021), DD0587-140, 8, 30663832-30563591, 188.81, Shipped To StockX, Thu 09 Dec 2021 - 02:56:13 PM, Not Set
Nike Dunk Low Archeo Pink (W), DD1503-111, 7W, 30443955-30343714, 180.45, Verified & Shipped, Thu 09 Dec 2021 - 03:03:55 PM, Not Set
Jordan 5 Retro Raging Bull Red (2021), DD0587-600, 12, 30281223-30180982, 240.02, Delivered, Thu 09 Dec 2021 - 03:26:57 PM, Not Set
Jordan 1 Mid Tropical Twist Igloo (GS), 554725-132, 5.5Y, 29987244-29887003, 140.40, Delivered, Thu 09 Dec 2021 - 03:30:36 PM, Not Set
Nike Dunk Low Archeo Pink (W), DD1503-111, 8.5W, 30243179-30142938, 181.39, Delivered, Thu 09 Dec 2021 - 05:11:31 PM, Not Set
Jordan 6 Retro Electric Green, CT8529-003, 7.5, 30533767-30433526, 166.39, Shipped To StockX, Thu 09 Dec 2021 - 05:41:42 PM, Not Set
Jordan 13 Retro Gym Red Flint Grey (GS), 884129-600, 4.5Y, 30672411-30572170, 105.02, Shipped To StockX, Thu 09 Dec 2021 - 05:42:22 PM, Not Set
Jordan 1 Low Bred Toe (GS), 553560-612, 6.5Y, 29924098-29823857, 131.90, Refund Issued, Thu 09 Dec 2021 - 05:53:33 PM, Not Set
Nike Dunk Low Archeo Pink (W), DD1503-111, 9.5W, 30661052-30560811, 173.14, Shipped To StockX, Thu 09 Dec 2021 - 08:59:18 PM, Not Set
Nike Dunk Low Archeo Pink (W), DD1503-111, 9W, 30253967-30153726, 182.75, Delivered, Thu 09 Dec 2021 - 09:02:59 PM, Not Set
Nike Dunk Low Archeo Pink (W), DD1503-111, 8.5W, 30592699-30492458, 178.36, Shipped To StockX, Wed 08 Dec 2021 - 09:50:03 AM, Not Set
Jordan 1 Low Bred Toe (GS), 553560-612, 7Y, 29923961-29823720, 133.90, Delivered, Wed 08 Dec 2021 - 01:28:23 PM, Not Set
Jordan 5 Retro Raging Bull Red (2021), DD0587-600, 11.5, 30129631-30029390, 241.65, Delivered, Wed 08 Dec 2021 - 01:28:39 PM, Not Set
Nike Dunk Low Archeo Pink (W), DD1503-111, 9.5W, 30377577-30277336, 178.36, Verified & Shipped, Wed 08 Dec 2021 - 04:02:17 PM, Not Set
Nike Dunk Low Archeo Pink (W), DD1503-111, 9.5W, 30661052-30560811, 173.14, Order Confirmed, Wed 08 Dec 2021 - 05:29:15 PM, Not Set
Jordan 5 Retro White Stealth (2021), DD0587-140, 8, 30663832-30563591, 188.81, Order Confirmed, Wed 08 Dec 2021 - 06:24:13 PM, Not Set
Nike Dunk Low Archeo Pink (W), DD1503-111, 7.5W, 30322432-30222191, 181.50, Delivered, Wed 08 Dec 2021 - 08:01:22 PM, Not Set
Nike Dunk Low Archeo Pink (W), DD1503-111, 8W, 30331303-30231062, 182.54, Delivered, Wed 08 Dec 2021 - 08:01:37 PM, Not Set
Nike Dunk Low Archeo Pink (W), DD1503-111, 7.5W, 30254509-30154268, 174.43, Delivered, Wed 08 Dec 2021 - 08:06:53 PM, Not Set
Jordan 13 Retro Obsidian Powder Blue White, 414571-144, 12, 30608379-30508138, 179.85, Shipped To StockX, Wed 08 Dec 2021 - 08:40:30 PM, Not Set
Jordan 13 Retro Gym Red Flint Grey (GS), 884129-600, 4.5Y, 30672411-30572170, 105.02, Order Confirmed, Wed 08 Dec 2021 - 09:01:13 PM, Not Set
Jordan 5 Retro Raging Bull Red (2021), DD0587-600, 11, 30542997-30442756, 245.24, Verified & Shipped, Wed 08 Dec 2021 - 09:13:46 PM, Not Set
Jordan 5 Retro Raging Bull Red (2021), DD0587-600, 11, 30530366-30430125, 245.24, Verified & Shipped, Wed 08 Dec 2021 - 09:16:36 PM, Not Set
Jordan 13 Retro Gym Red Flint Grey (GS), 884129-600, 6.5Y, 30574389-30474148, 114.02, Order Confirmed, Tue 07 Dec 2021 - 12:04:22 AM, Not Set
Jordan 5 Retro Raging Bull Red (2021), DD0587-600, 11, 30311174-30210933, 242.11, Verified & Shipped, Tue 07 Dec 2021 - 02:59:13 AM, Not Set
Nike Dunk Low Archeo Pink (W), DD1503-111, 7.5W, 30305193-30204952, 181.50, Verified & Shipped, Tue 07 Dec 2021 - 04:15:08 AM, Not Set
Nike Dunk Low Archeo Pink (W), DD1503-111, 8.5W, 30305137-30204896, 182.54, Verified & Shipped, Tue 07 Dec 2021 - 04:16:00 AM, Not Set
Nike Dunk Low Archeo Pink (W), DD1503-111, 9.5W, 30305244-30205003, 177.55, Verified & Shipped, Tue 07 Dec 2021 - 04:16:14 AM, Not Set
Nike Dunk Low Archeo Pink (W), DD1503-111, 8W, 30309776-30209535, 182.54, Verified & Shipped, Tue 07 Dec 2021 - 04:16:20 AM, Not Set
Nike Dunk Low Archeo Pink (W), DD1503-111, 10W, 30361887-30261646, 179.41, Verified & Shipped, Tue 07 Dec 2021 - 04:18:43 AM, Not Set
Nike Dunk Low Archeo Pink (W), DD1503-111, 10W, 30321552-30221311, 181.50, Verified & Shipped, Tue 07 Dec 2021 - 04:18:47 AM, Not Set
Nike Dunk Low Archeo Pink (W), DD1503-111, 10W, 30258139-30157898, 177.55, Verified & Shipped, Tue 07 Dec 2021 - 04:20:07 AM, Not Set
Nike Dunk Low Archeo Pink (W), DD1503-111, 7W, 30443955-30343714, 180.45, Shipped To StockX, Tue 07 Dec 2021 - 06:42:09 AM, Not Set
Jordan 5 Retro Raging Bull Red (2021), DD0587-600, 12, 30263448-30163207, 237.81, Refund Issued, Tue 07 Dec 2021 - 09:25:37 AM, Not Set
Nike Dunk Low Archeo Pink (W), DD1503-111, 7.5W, 30322432-30222191, 181.50, Verified & Shipped, Tue 07 Dec 2021 - 10:32:25 AM, Not Set
Nike Dunk Low Archeo Pink (W), DD1503-111, 9.5W, 30525249-30425008, 178.36, Shipped To StockX, Tue 07 Dec 2021 - 10:34:08 AM, Not Set
Nike Dunk Low Archeo Pink (W), DD1503-111, 9W, 30526032-30425791, 177.32, Shipped To StockX, Tue 07 Dec 2021 - 10:34:11 AM, Not Set
Nike Dunk Low Archeo Pink (W), DD1503-111, 10W, 30525229-30424988, 178.36, Shipped To StockX, Tue 07 Dec 2021 - 10:34:14 AM, Not Set
Nike Dunk Low Archeo Pink (W), DD1503-111, 9.5W, 30530067-30429826, 175.23, Shipped To StockX, Tue 07 Dec 2021 - 10:34:26 AM, Not Set
Nike Dunk Low Archeo Pink (W), DD1503-111, 9.5W, 30530050-30429809, 174.18, Shipped To StockX, Tue 07 Dec 2021 - 10:34:27 AM, Not Set
Nike Dunk Low Archeo Pink (W), DD1503-111, 8.5W, 30592699-30492458, 178.36, Order Confirmed, Tue 07 Dec 2021 - 10:51:11 AM, Not Set
Jordan 1 Mid Arctic Orange Black Toe (GS), 554725-133, 7Y, 29987085-29886844, 178.50, Delivered, Tue 07 Dec 2021 - 01:02:16 PM, Not Set
Jordan 5 Retro Raging Bull Red (2021), DD0587-600, 12, 30129504-30029263, 247.86, Delivered, Tue 07 Dec 2021 - 01:19:04 PM, Not Set
Jordan 5 Retro Raging Bull Red (2021), DD0587-600, 12, 30129592-30029351, 252.00, Delivered, Tue 07 Dec 2021 - 01:19:03 PM, Not Set
Jordan 5 Retro Raging Bull Red (2021), DD0587-600, 11.5, 30129654-30029413, 241.65, Delivered, Tue 07 Dec 2021 - 01:19:14 PM, Not Set
Jordan 5 Retro Raging Bull Red (2021), DD0587-600, 13, 30129343-30029102, 260.28, Delivered, Tue 07 Dec 2021 - 01:19:14 PM, Not Set
Jordan 6 Retro Carmine (2021), CT8529-106, 13, 30128474-30028233, 236.54, Delivered, Tue 07 Dec 2021 - 01:20:04 PM, Not Set
Jordan 5 Retro Raging Bull Red (2021), DD0587-600, 13, 30239645-30139404, 259.25, Delivered, Tue 07 Dec 2021 - 03:20:55 PM, Not Set
Jordan 5 Retro Raging Bull Red (2021), DD0587-600, 12, 30129564-30029323, 246.83, Verified & Shipped, Tue 07 Dec 2021 - 05:02:22 PM, Not Set
Jordan 13 Retro Obsidian Powder Blue White, 414571-144, 12, 30608379-30508138, 179.85, Order Confirmed, Tue 07 Dec 2021 - 08:27:35 PM, Not Set
Jordan 13 Retro Gym Red Flint Grey (GS), 884129-600, 6Y, 30601850-30501609, 119.02, Shipped To StockX, Tue 07 Dec 2021 - 11:55:16 PM, Not Set
Nike Dunk Low Archeo Pink (W), DD1503-111, 10W, 30525229-30424988, 178.36, Order Confirmed, Mon 06 Dec 2021 - 04:26:37 AM, Not Set
Nike Dunk Low Archeo Pink (W), DD1503-111, 9.5W, 30525249-30425008, 178.36, Order Confirmed, Mon 06 Dec 2021 - 04:27:45 AM, Not Set
Nike Dunk Low Archeo Pink (W), DD1503-111, 9W, 30526032-30425791, 177.32, Order Confirmed, Mon 06 Dec 2021 - 05:17:56 AM, Not Set
Nike Dunk Low Archeo Pink (W), DD1503-111, 9.5W, 30530050-30429809, 174.18, Order Confirmed, Mon 06 Dec 2021 - 08:37:22 AM, Not Set
Nike Dunk Low Archeo Pink (W), DD1503-111, 9.5W, 30530067-30429826, 175.23, Order Confirmed, Mon 06 Dec 2021 - 08:37:51 AM, Not Set
Jordan 5 Retro Raging Bull Red (2021), DD0587-600, 11, 30530366-30430125, 245.24, Order Confirmed, Mon 06 Dec 2021 - 08:46:54 AM, Not Set
Jordan 6 Retro Electric Green, CT8529-003, 7.5, 30533767-30433526, 166.39, Order Confirmed, Mon 06 Dec 2021 - 10:11:20 AM, Not Set
Jordan 5 Retro Raging Bull Red (2021), DD0587-600, 12, 30228396-30128155, 242.69, Refund Issued, Mon 06 Dec 2021 - 10:51:09 AM, Not Set
Nike Dunk Low Archeo Pink (W), DD1503-111, 10W, 30428228-30327987, 180.45, Shipped To StockX, Mon 06 Dec 2021 - 11:16:48 AM, Not Set
Nike Dunk Low Archeo Pink (W), DD1503-111, 10.5W, 30428242-30328001, 177.32, Shipped To StockX, Mon 06 Dec 2021 - 11:16:49 AM, Not Set
Jordan 5 Retro Raging Bull Red (2021), DD0587-600, 11, 30542997-30442756, 245.24, Order Confirmed, Mon 06 Dec 2021 - 01:07:06 PM, Not Set
Jordan 1 Low UNC (2021) (GS), 553560-144, 4Y, 29987032-29886791, 126.90, Delivered, Mon 06 Dec 2021 - 01:58:06 PM, Not Set
Jordan 1 Low Bred Toe (GS), 553560-612, 7Y, 29986406-29886165, 130.92, Delivered, Mon 06 Dec 2021 - 02:01:18 PM, Not Set
Jordan 1 Low Bred Toe (GS), 553560-612, 7Y, 29986759-29886518, 123.90, Delivered, Mon 06 Dec 2021 - 02:01:35 PM, Not Set
Jordan 6 Retro Carmine (2021), CT8529-106, 13, 30252274-30152033, 236.54, Shipped To StockX, Mon 06 Dec 2021 - 02:40:50 PM, Not Set
Jordan 1 Low Bred Toe (GS), 553560-612, 7Y, 29937946-29837705, 127.40, Delivered, Mon 06 Dec 2021 - 03:27:30 PM, Not Set
Jordan 1 Low Bred Toe (GS), 553560-612, 7Y, 29986880-29886639, 131.92, Delivered, Mon 06 Dec 2021 - 03:40:02 PM, Not Set
Jordan 1 Mid Tropical Twist Igloo (GS), 554725-132, 6.5Y, 29987451-29887210, 133.90, Delivered, Mon 06 Dec 2021 - 03:42:10 PM, Not Set
Nike Dunk Low Archeo Pink (W), DD1503-111, 8W, 30135935-30035694, 182.43, Delivered, Mon 06 Dec 2021 - 04:00:08 PM, Not Set
Jordan 1 Mid Tropical Twist Igloo (GS), 554725-132, 6Y, 29987539-29887298, 139.90, Delivered, Mon 06 Dec 2021 - 04:08:46 PM, Not Set
Jordan 1 Mid Tropical Twist Igloo (GS), 554725-132, 5.5Y, 29987584-29887343, 140.40, Delivered, Mon 06 Dec 2021 - 04:11:05 PM, Not Set
Jordan 1 Mid Tropical Twist Igloo (GS), 554725-132, 7Y, 29987222-29886981, 143.90, Delivered, Mon 06 Dec 2021 - 04:11:13 PM, Not Set
Jordan 5 Retro Raging Bull Red (2021), DD0587-600, 11, 30542997-30442756, 245.24, Shipped To StockX, Mon 06 Dec 2021 - 05:43:26 PM, Not Set
Jordan 1 Low Bred Toe (GS), 553560-612, 7Y, 29986451-29886210, 123.95, Delivered, Mon 06 Dec 2021 - 06:02:51 PM, Not Set
Jordan 1 Low Bred Toe (GS), 553560-612, 7Y, 29985035-29884794, 127.90, Delivered, Mon 06 Dec 2021 - 06:03:48 PM, Not Set
Jordan 1 Low Bred Toe (GS), 553560-612, 7Y, 29986602-29886361, 132.90, Delivered, Mon 06 Dec 2021 - 06:24:17 PM, Not Set
Jordan 5 Retro Raging Bull Red (2021), DD0587-600, 12, 30196915-30096674, 246.83, Verified & Shipped, Mon 06 Dec 2021 - 07:03:35 PM, Not Set
Nike Dunk Low Archeo Pink (W), DD1503-111, 8W, 30224021-30123780, 182.43, Delivered, Mon 06 Dec 2021 - 07:11:52 PM, Not Set
Jordan 1 Mid Paint Drip (GS), DD1666-100, 4.5Y, 29987386-29887145, 144.90, Delivered, Mon 06 Dec 2021 - 07:17:57 PM, Not Set
Jordan 1 Mid Arctic Orange Black Toe (GS), 554725-133, 7Y, 29987112-29886871, 186.52, Delivered, Mon 06 Dec 2021 - 07:19:30 PM, Not Set
Jordan 1 Mid Tropical Twist Igloo (GS), 554725-132, 7Y, 29987205-29886964, 133.90, Delivered, Mon 06 Dec 2021 - 07:20:38 PM, Not Set
Jordan 5 Retro Raging Bull Red (2021), DD0587-600, 10.5, 30129604-30029363, 221.99, Delivered, Mon 06 Dec 2021 - 07:21:56 PM, Not Set
Jordan 1 Mid Tropical Twist Igloo (GS), 554725-132, 5.5Y, 29987414-29887173, 140.92, Delivered, Mon 06 Dec 2021 - 07:23:10 PM, Not Set
Jordan 1 Mid Tropical Twist Igloo (GS), 554725-132, 7Y, 29987469-29887228, 133.90, Delivered, Mon 06 Dec 2021 - 07:23:19 PM, Not Set
Jordan 1 Low Bred Toe (GS), 553560-612, 7Y, 29986949-29886708, 131.40, Delivered, Mon 06 Dec 2021 - 07:23:31 PM, Not Set
Jordan 1 Low Bred Toe (GS), 553560-612, 7Y, 29985096-29884855, 123.95, Delivered, Mon 06 Dec 2021 - 07:31:59 PM, Not Set
Jordan 13 Retro Gym Red Flint Grey (GS), 884129-600, 6.5Y, 30573577-30473336, 125.02, Order Confirmed, Mon 06 Dec 2021 - 11:41:44 PM, Not Set
Jordan 13 Retro Gym Red Flint Grey (GS), 884129-600, 6Y, 30573672-30473431, 127.02, Order Confirmed, Mon 06 Dec 2021 - 11:44:05 PM, Not Set
Jordan 13 Retro Gym Red Flint Grey (GS), 884129-600, 6.5Y, 30573710-30473469, 114.02, Order Confirmed, Mon 06 Dec 2021 - 11:45:26 PM, Not Set
Jordan 13 Retro Gym Red Flint Grey (GS), 884129-600, 6.5Y, 30573748-30473507, 114.02, Order Confirmed, Mon 06 Dec 2021 - 11:46:32 PM, Not Set
Jordan 13 Retro Gym Red Flint Grey (GS), 884129-600, 6Y, 30573767-30473526, 114.02, Order Confirmed, Mon 06 Dec 2021 - 11:46:59 PM, Not Set
Jordan 13 Retro Gym Red Flint Grey (GS), 884129-600, 6.5Y, 30573786-30473545, 114.02, Order Confirmed, Mon 06 Dec 2021 - 11:47:32 PM, Not Set
Jordan 13 Retro Gym Red Flint Grey (GS), 884129-600, 6Y, 30573805-30473564, 119.02, Order Confirmed, Mon 06 Dec 2021 - 11:48:10 PM, Not Set
Jordan 13 Retro Gym Red Flint Grey (GS), 884129-600, 6.5Y, 30573981-30473740, 114.02, Order Confirmed, Mon 06 Dec 2021 - 11:52:44 PM, Not Set
Jordan 5 Retro Raging Bull Red (2021), DD0587-600, 11, 30530366-30430125, 245.24, Shipped To StockX, Mon 06 Dec 2021 - 11:53:36 PM, Not Set
Nike Dunk Low Archeo Pink (W), DD1503-111, 7.5W, 30299057-30198816, 181.50, Verified & Shipped, Sun 05 Dec 2021 - 02:01:18 AM, Not Set
Nike Dunk Low Archeo Pink (W), DD1503-111, 8W, 30471869-30371628, 182.54, Order Confirmed, Sun 05 Dec 2021 - 05:09:48 AM, Not Set
Nike Dunk Low Archeo Pink (W), DD1503-111, 10W, 30471938-30371697, 179.41, Order Confirmed, Sun 05 Dec 2021 - 05:14:01 AM, Not Set
Nike Dunk Low Archeo Pink (W), DD1503-111, 10W, 30471938-30371697, 179.41, Shipped To StockX, Sun 05 Dec 2021 - 09:33:42 PM, Not Set
Nike Dunk Low Archeo Pink (W), DD1503-111, 8W, 30471869-30371628, 182.54, Shipped To StockX, Sun 05 Dec 2021 - 09:34:02 PM, Not Set
Nike Air Zoom Spiridon Cage 2 Sesame, CU1768-200, 9, 30104330-30004089, 140.92, Refund Issued, Sat 04 Dec 2021 - 05:04:33 AM, Not Set
Nike Dunk Low Archeo Pink (W), DD1503-111, 10W, 30428228-30327987, 180.45, Order Confirmed, Sat 04 Dec 2021 - 09:45:39 AM, Not Set
Nike Dunk Low Archeo Pink (W), DD1503-111, 10.5W, 30428242-30328001, 177.32, Order Confirmed, Sat 04 Dec 2021 - 09:46:01 AM, Not Set
Nike Dunk Low Archeo Pink (W), DD1503-111, 7W, 30443955-30343714, 180.45, Order Confirmed, Sat 04 Dec 2021 - 03:10:45 PM, Not Set
Jordan 5 Retro Raging Bull Red (2021), DD0587-600, 11, 30445931-30345690, 242.11, Order Confirmed, Sat 04 Dec 2021 - 03:50:06 PM, Not Set
Nike Dunk Low Archeo Pink (W), DD1503-111, 9W, 30361802-30261561, 178.36, Order Confirmed, Fri 03 Dec 2021 - 01:07:37 AM, Not Set
Nike Dunk Low Archeo Pink (W), DD1503-111, 10W, 30361887-30261646, 179.41, Order Confirmed, Fri 03 Dec 2021 - 01:10:48 AM, Not Set
Nike Dunk Low Archeo Pink (W), DD1503-111, 8W, 30331303-30231062, 182.54, Shipped To StockX, Fri 03 Dec 2021 - 06:24:49 AM, Not Set
Nike Dunk Low Archeo Pink (W), DD1503-111, 9.5W, 30305244-30205003, 177.55, Shipped To StockX, Fri 03 Dec 2021 - 10:13:56 AM, Not Set
Jordan 5 Retro Raging Bull Red (2021), DD0587-600, 11, 30311174-30210933, 242.11, Shipped To StockX, Fri 03 Dec 2021 - 10:14:02 AM, Not Set
Nike Dunk Low Archeo Pink (W), DD1503-111, 8W, 30309776-30209535, 182.54, Shipped To StockX, Fri 03 Dec 2021 - 10:14:07 AM, Not Set
Nike Dunk Low Archeo Pink (W), DD1503-111, 10W, 30321552-30221311, 181.50, Shipped To StockX, Fri 03 Dec 2021 - 10:14:27 AM, Not Set
Nike Dunk Low Archeo Pink (W), DD1503-111, 9.5W, 30377577-30277336, 178.36, Order Confirmed, Fri 03 Dec 2021 - 10:25:10 AM, Not Set
Jordan 1 Low UNC (2021) (GS), 553560-144, 4Y, 29987032-29886791, 126.90, Verified & Shipped, Fri 03 Dec 2021 - 11:32:30 AM, Not Set
Jordan 5 Retro Raging Bull Red (2021), DD0587-600, 12, 30129564-30029323, 246.83, Shipped To StockX, Fri 03 Dec 2021 - 02:33:09 PM, Not Set
Nike Dunk Low Archeo Pink (W), DD1503-111, 9.5W, 30377577-30277336, 178.36, Shipped To StockX, Fri 03 Dec 2021 - 03:02:49 PM, Not Set
Jordan 5 Retro Raging Bull Red (2021), DD0587-600, 11, 30291169-30190928, 244.20, Delivered, Fri 03 Dec 2021 - 07:00:07 PM, Not Set
Nike Dunk Low Archeo Pink (W), DD1503-111, 7W, 30315901-30215660, 181.50, Shipped To StockX, Fri 03 Dec 2021 - 09:04:45 PM, Not Set
Jordan 5 Retro Raging Bull Red (2021), DD0587-600, 12, 30281223-30180982, 240.02, Verified & Shipped, Fri 03 Dec 2021 - 09:08:31 PM, Not Set
Jordan 1 Low Bred Toe (GS), 553560-612, 6Y, 29986735-29886494, 102.90, Delivered, Thu 02 Dec 2021 - 04:01:22 PM, Not Set
Jordan 1 Low Bred Toe (GS), 553560-612, 6.5Y, 29986845-29886604, 130.90, Delivered, Thu 02 Dec 2021 - 04:01:28 PM, Not Set
Jordan 1 Low Bred Toe (GS), 553560-612, 6Y, 29936992-29836751, 125.90, Delivered, Thu 02 Dec 2021 - 04:01:37 PM, Not Set
Jordan 1 Low Bred Toe (GS), 553560-612, 5.5Y, 29986670-29886429, 118.92, Delivered, Thu 02 Dec 2021 - 04:01:36 PM, Not Set
Jordan 1 Low Bred Toe (GS), 553560-612, 6Y, 29945657-29845416, 115.90, Delivered, Thu 02 Dec 2021 - 04:01:38 PM, Not Set
Jordan 5 Retro Raging Bull Red (2021), DD0587-600, 12, 30129592-30029351, 252.00, Verified & Shipped, Thu 02 Dec 2021 - 05:03:01 PM, Not Set
Jordan 5 Retro Raging Bull Red (2021), DD0587-600, 11.5, 30129654-30029413, 241.65, Verified & Shipped, Thu 02 Dec 2021 - 05:03:32 PM, Not Set
Nike Dunk Low Archeo Pink (W), DD1503-111, 7.5W, 30322432-30222191, 181.50, Shipped To StockX, Thu 02 Dec 2021 - 05:59:38 PM, Not Set
Jordan 1 Mid Paint Drip (GS), DD1666-100, 4.5Y, 29987386-29887145, 144.90, Verified & Shipped, Thu 02 Dec 2021 - 06:52:01 PM, Not Set
Jordan 1 Low Bred Toe (GS), 553560-612, 5.5Y, 29936838-29836597, 125.90, Delivered, Thu 02 Dec 2021 - 07:01:38 PM, Not Set
Jordan 1 Low Bred Toe (GS), 553560-612, 5Y, 29986981-29886740, 115.40, Delivered, Thu 02 Dec 2021 - 07:01:42 PM, Not Set
Jordan 1 Mid Tropical Twist Igloo (GS), 554725-132, 6.5Y, 29987181-29886940, 143.95, Verified & Shipped, Thu 02 Dec 2021 - 11:06:27 PM, Not Set
Nike Dunk Low Archeo Pink (W), DD1503-111, 8.5W, 30243179-30142938, 181.39, Shipped To StockX, Thu 02 Dec 2021 - 11:44:32 PM, Not Set
Jordan 5 Retro Raging Bull Red (2021), DD0587-600, 12, 30129504-30029263, 247.86, Shipped To StockX, Wed 01 Dec 2021 - 12:11:55 AM, Not Set
Jordan 5 Retro Raging Bull Red (2021), DD0587-600, 12, 30129592-30029351, 252.00, Shipped To StockX, Wed 01 Dec 2021 - 12:12:01 AM, Not Set
Nike Dunk Low Archeo Pink (W), DD1503-111, 8.5W, 30131959-30031718, 181.39, Shipped To StockX, Tue 30 Nov 2021 - 07:47:00 AM, Not Set
Jordan 1 Low Bred Toe (GS), 553560-612, 7Y, 29986643-29886402, 130.92, Shipped To StockX, Tue 30 Nov 2021 - 08:53:44 AM, Not Set
Nike Dunk Low Archeo Pink (W), DD1503-111, 7.5W, 30141418-30041177, 175.15, Shipped To StockX, Tue 30 Nov 2021 - 11:57:03 AM, Not Set
Jordan 5 Retro Alternate Grape, 136027-500, 9.5, 29942148-29841907, 234.45, Refund Issued, Tue 30 Nov 2021 - 02:06:04 PM, Not Set
Nike Dunk Low Archeo Pink (W), DD1503-111, 8W, 30224021-30123780, 182.43, Order Confirmed, Tue 30 Nov 2021 - 02:51:21 PM, Not Set
Jordan 1 Mid Arctic Orange Black Toe (GS), 554725-133, 7Y, 29987085-29886844, 178.50, Shipped To StockX, Tue 30 Nov 2021 - 03:44:41 PM, Not Set
Jordan 5 Retro Raging Bull Red (2021), DD0587-600, 12, 30228396-30128155, 242.69, Order Confirmed, Tue 30 Nov 2021 - 04:18:14 PM, Not Set
Jordan 13 Retro Gym Red Flint Grey (GS), 884129-600, 5.5Y, 29561042-29460801, 127.90, Delivered, Tue 30 Nov 2021 - 05:13:25 PM, Not Set
Jordan 1 Low Bred Toe (GS), 553560-612, 7Y, 29986880-29886639, 131.92, Verified & Shipped, Tue 30 Nov 2021 - 05:22:52 PM, Not Set
Jordan 1 Mid Tropical Twist Igloo (GS), 554725-132, 6.5Y, 29987451-29887210, 133.90, Verified & Shipped, Tue 30 Nov 2021 - 05:35:55 PM, Not Set
Jordan 1 Mid Tropical Twist Igloo (GS), 554725-132, 5.5Y, 29987414-29887173, 140.92, Verified & Shipped, Tue 30 Nov 2021 - 06:35:45 PM, Not Set
Jordan 5 Retro Raging Bull Red (2021), DD0587-600, 13, 30239645-30139404, 259.25, Order Confirmed, Tue 30 Nov 2021 - 08:29:40 PM, Not Set
Nike Dunk Low Archeo Pink (W), DD1503-111, 8W, 30224021-30123780, 182.43, Shipped To StockX, Tue 30 Nov 2021 - 09:00:04 PM, Not Set
Jordan 1 Mid Tropical Twist Igloo (GS), 554725-132, 7Y, 29987469-29887228, 133.90, Verified & Shipped, Tue 30 Nov 2021 - 09:09:00 PM, Not Set
Jordan 5 Retro Raging Bull Red (2021), DD0587-600, 11.5, 30129631-30029390, 241.65, Verified & Shipped, Tue 30 Nov 2021 - 09:09:32 PM, Not Set
Jordan 1 Low Bred Toe (GS), 553560-612, 7Y, 29986949-29886708, 131.40, Verified & Shipped, Tue 30 Nov 2021 - 09:10:29 PM, Not Set
Jordan 12 Retro Reverse Flu Game, CT8013-602, 10.5, 30085364-29985123, 213.55, Shipped To StockX, Tue 30 Nov 2021 - 09:14:42 PM, Not Set
Jordan 5 Retro Raging Bull Red (2021), DD0587-600, 12, 30228396-30128155, 242.69, Shipped To StockX, Tue 30 Nov 2021 - 09:17:01 PM, Not Set
Jordan 5 Retro Raging Bull Red (2021), DD0587-600, 13, 30129343-30029102, 260.28, Shipped To StockX, Tue 30 Nov 2021 - 09:20:25 PM, Not Set
Jordan 5 Retro Raging Bull Red (2021), DD0587-600, 11.5, 30129654-30029413, 241.65, Shipped To StockX, Tue 30 Nov 2021 - 09:20:27 PM, Not Set
Nike Dunk Low Archeo Pink (W), DD1503-111, 8.5W, 30243179-30142938, 181.39, Order Confirmed, Tue 30 Nov 2021 - 09:38:46 PM, Not Set
Jordan 1 Low Bred Toe (GS), 553560-612, 7Y, 29923961-29823720, 133.90, Verified & Shipped, Tue 30 Nov 2021 - 11:03:45 PM, Not Set
Jordan 6 Retro Carmine 2021 (GS), 384665-106, 6.5Y, 29501128-29400887, 123.90, Order Confirmed, Wed 17 Nov 2021 - 11:00:02 AM, Not Set
Jordan 13 Retro Gym Red Flint Grey (GS), 884129-600, 6Y, 29515852-29415611, 128.90, Order Confirmed, Wed 17 Nov 2021 - 05:26:58 PM, Not Set
Jordan 5 Retro Raging Bull Red (2021), DD0587-600, 9, 29452662-29352421, 203.47, Shipped To StockX, Wed 17 Nov 2021 - 11:56:04 PM, Not Set
Jordan 5 Retro Raging Bull Red (2021), DD0587-600, 11.5, 29466861-29366620, 260.12, Order Confirmed, Tue 16 Nov 2021 - 01:51:37 PM, Not Set
Jordan 3 Retro Racer Blue, CT8532-145, 9, 28948313-28848072, 202.19, Delivered, Mon 15 Nov 2021 - 05:40:02 PM, Not Set
Jordan 3 Retro Racer Blue, CT8532-145, 8, 28734894-28634653, 196.99, Delivered, Thu 11 Nov 2021 - 02:16:36 PM, Not Set
Jordan 9 Retro Dark Charcoal University Gold, CT8019-070, 9, 28746714-28646473, 259.39, Delivered, Tue 09 Nov 2021 - 03:32:13 PM, Not Set
Jordan 3 Retro Racer Blue, CT8532-145, 9, 28948313-28848072, 202.19, Verified & Shipped, Fri 05 Nov 2021 - 05:19:55 PM, Not Set
Jordan 3 Retro Racer Blue, CT8532-145, 9, 28948313-28848072, 202.19, Shipped To StockX, Thu 04 Nov 2021 - 08:03:29 AM, Not Set
Jordan 3 Retro Racer Blue, CT8532-145, 9, 28948313-28848072, 202.19, Order Confirmed, Wed 03 Nov 2021 - 05:30:05 PM, Not Set
Jordan 6 Retro Electric Green, CT8529-003, 10, 28678746-28578505, 179.31, Delivered, Wed 03 Nov 2021 - 06:37:10 PM, Not Set
Jordan 6 Retro Electric Green, CT8529-003, 8.5, 28678705-28578464, 179.31, Delivered, Wed 03 Nov 2021 - 06:37:41 PM, Not Set
Jordan 6 Retro Electric Green, CT8529-003, 10, 28679993-28579752, 179.31, Delivered, Wed 03 Nov 2021 - 06:39:15 PM, Not Set
Jordan 6 Retro Electric Green, CT8529-003, 8, 28678695-28578454, 179.31, Delivered, Wed 03 Nov 2021 - 06:39:53 PM, Not Set
Jordan 6 Retro Electric Green, CT8529-003, 8, 28678336-28578095, 179.31, Delivered, Wed 03 Nov 2021 - 06:39:59 PM, Not Set
Jordan 6 Retro Electric Green, CT8529-003, 8.5, 28674642-28574401, 181.39, Delivered, Wed 03 Nov 2021 - 06:41:08 PM, Not Set
Jordan 6 Retro Electric Green, CT8529-003, 8.5, 28677684-28577443, 179.31, Delivered, Wed 03 Nov 2021 - 06:41:47 PM, Not Set
Jordan 6 Retro Electric Green, CT8529-003, 8.5, 28678354-28578113, 179.31, Delivered, Wed 03 Nov 2021 - 06:42:32 PM, Not Set
Jordan 3 Retro Racer Blue, CT8532-145, 8, 28734894-28634653, 196.99, Shipped To StockX, Mon 01 Nov 2021 - 02:16:20 PM, Not Set
Jordan 9 Retro Dark Charcoal University Gold, CT8019-070, 9, 28746714-28646473, 259.39, Verified & Shipped, Mon 01 Nov 2021 - 08:20:00 PM, Not Set
Jordan 6 Retro Electric Green, CT8529-003, 8.5, 28678705-28578464, 179.31, Shipped To StockX, Sat 30 Oct 2021 - 05:25:51 PM, Not Set
Jordan 6 Retro Electric Green, CT8529-003, 8.5, 28674642-28574401, 181.39, Order Confirmed, Wed 27 Oct 2021 - 11:01:44 AM, Not Set
Jordan 6 Retro Electric Green, CT8529-003, 8.5, 28677684-28577443, 179.31, Order Confirmed, Wed 27 Oct 2021 - 12:25:24 PM, Not Set
Jordan 6 Retro Electric Green, CT8529-003, 8, 28678336-28578095, 179.31, Order Confirmed, Wed 27 Oct 2021 - 12:43:49 PM, Not Set
Jordan 6 Retro Electric Green, CT8529-003, 8.5, 28678354-28578113, 179.31, Order Confirmed, Wed 27 Oct 2021 - 12:44:22 PM, Not Set
Jordan 6 Retro Electric Green, CT8529-003, 8, 28678695-28578454, 179.31, Order Confirmed, Wed 27 Oct 2021 - 12:54:57 PM, Not Set
Jordan 6 Retro Electric Green, CT8529-003, 8.5, 28678705-28578464, 179.31, Order Confirmed, Wed 27 Oct 2021 - 12:55:21 PM, Not Set
Jordan 6 Retro Electric Green, CT8529-003, 10, 28678746-28578505, 179.31, Order Confirmed, Wed 27 Oct 2021 - 12:56:21 PM, Not Set
Jordan 6 Retro Electric Green, CT8529-003, 10, 28679993-28579752, 179.31, Order Confirmed, Wed 27 Oct 2021 - 01:31:47 PM, Not Set
adidas Yeezy Boost 700 MNVN Honey Flux, GZ0717, 9, 28127392-28027151, 193.90, Delivered, Fri 22 Oct 2021 - 04:40:13 PM, Not Set
Jordan 3 Retro Laser Orange (W), CK9246-108, 8W, 27692235-27591994, 210.68, Delivered, Thu 21 Oct 2021 - 04:41:04 PM, Not Set
Jordan 3 Retro Laser Orange (W), CK9246-108, 8W, 27692235-27591994, 210.68, Verified & Shipped, Thu 14 Oct 2021 - 08:17:07 PM, Not Set
Jordan 1 Mid Chicago 2020 (GS), 554275-173/554725-173, 7Y, 28110427-28010186, 154.90, Shipped To StockX, Tue 12 Oct 2021 - 08:04:28 AM, Not Set
adidas Yeezy Boost 700 MNVN Honey Flux, GZ0717, 9, 28127392-28027151, 193.90, Order Confirmed, Tue 12 Oct 2021 - 11:05:54 AM, Not Set
Jordan 9 Retro University Blue (GS), 302359-140, 6Y, 27857005-27756764, 163.90, Delivered, Tue 12 Oct 2021 - 05:20:29 PM, Not Set
Jordan 1 Mid Chicago 2020 (GS), 554275-173/554725-173, 7Y, 27802200-27701959, 149.90, Delivered, Tue 12 Oct 2021 - 05:20:40 PM, Not Set
Jordan 1 Mid Chicago 2020 (GS), 554275-173/554725-173, 7Y, 27802078-27701837, 149.90, Delivered, Tue 12 Oct 2021 - 05:20:47 PM, Not Set
Jordan 9 Retro Change The World (W), CV0420-100, 9.5W, 27935330-27835089, 171.90, Delivered, Tue 12 Oct 2021 - 07:00:55 PM, Not Set
Jordan 9 Retro Change The World (W), CV0420-100, 8W, 27935300-27835059, 171.90, Delivered, Tue 12 Oct 2021 - 07:01:05 PM, Not Set
adidas Yeezy Boost 700 MNVN Honey Flux, GZ0717, 9, 28127392-28027151, 193.90, Shipped To StockX, Tue 12 Oct 2021 - 10:41:46 PM, Not Set
Jordan 6 Retro Carmine (2021), CT8529-106, 9.5, 28006878-27906637, 231.28, Verified & Shipped, Tue 12 Oct 2021 - 11:22:12 PM, Not Set
Jordan 9 Retro Change The World (W), CV0420-100, 9.5W, 27935330-27835089, 171.90, Verified & Shipped, Mon 11 Oct 2021 - 02:31:27 PM, Not Set
Jordan 9 Retro Change The World (W), CV0420-100, 8W, 27935300-27835059, 171.90, Verified & Shipped, Mon 11 Oct 2021 - 03:01:47 PM, Not Set
Jordan 1 Mid Chicago 2020 (GS), 554275-173/554725-173, 7Y, 28110427-28010186, 154.90, Order Confirmed, Mon 11 Oct 2021 - 09:02:08 PM, Not Set
Jordan 6 Retro Carmine (2021), CT8529-106, 9.5, 28006878-27906637, 231.28, Order Confirmed, Fri 08 Oct 2021 - 04:52:25 PM, Not Set
Jordan 1 Mid Chicago 2020 (GS), 554275-173/554725-173, 7Y, 27799428-27699187, 152.90, Verified & Shipped, Thu 07 Oct 2021 - 01:04:11 AM, Not Set
Jordan 9 Retro Change The World (W), CV0420-100, 8W, 27935300-27835059, 171.90, Shipped To StockX, Thu 07 Oct 2021 - 06:39:15 AM, Not Set
Jordan 9 Retro Change The World (W), CV0420-100, 9.5W, 27935330-27835089, 171.90, Shipped To StockX, Thu 07 Oct 2021 - 06:39:16 AM, Not Set
Jordan 3 Retro Laser Orange (W), CK9246-108, 8W, 27692235-27591994, 210.68, Shipped To StockX, Wed 06 Oct 2021 - 09:57:31 AM, Not Set
adidas Yeezy Boost 700 MNVN Honey Flux, GZ0717, 8.5, 27781205-27680964, 189.90, Verified & Shipped, Wed 06 Oct 2021 - 12:02:09 PM, Not Set
Jordan 6 Retro Carmine (2021), CT8529-106, 12.5, 27758469-27658228, 236.43, Verified & Shipped, Tue 05 Oct 2021 - 05:16:15 PM, Not Set
Jordan 9 Retro University Blue (GS), 302359-140, 6Y, 27857005-27756764, 163.90, Order Confirmed, Mon 04 Oct 2021 - 03:20:55 PM, Not Set
Jordan 9 Retro University Blue (GS), 302359-140, 6Y, 27857005-27756764, 163.90, Shipped To StockX, Mon 04 Oct 2021 - 08:20:40 PM, Not Set
Jordan 1 Mid Chicago 2020 (GS), 554275-173/554725-173, 7Y, 27802078-27701837, 149.90, Shipped To StockX, Mon 04 Oct 2021 - 08:48:24 PM, Not Set
Jordan 1 Mid Chicago 2020 (GS), 554275-173/554725-173, 7Y, 27802200-27701959, 149.90, Shipped To StockX, Mon 04 Oct 2021 - 08:48:28 PM, Not Set
adidas Yeezy Boost 380 Mist, FX9764, 11, 27766372-27666131, 198.32, Refund Issued, Sun 03 Oct 2021 - 04:38:21 PM, Not Set
Jordan 1 Mid Chicago 2020 (GS), 554275-173/554725-173, 7Y, 27802078-27701837, 149.90, Order Confirmed, Sat 02 Oct 2021 - 08:27:22 PM, Not Set
Jordan 1 Mid Chicago 2020 (GS), 554275-173/554725-173, 7Y, 27802200-27701959, 149.90, Order Confirmed, Sat 02 Oct 2021 - 08:31:15 PM, Not Set
Jordan 1 Mid Chicago 2020 (GS), 554275-173/554725-173, 7Y, 27799428-27699187, 152.90, Shipped To StockX, Sat 02 Oct 2021 - 11:18:04 PM, Not Set
Jordan 3 Retro Laser Orange (W), CK9246-108, 8W, 27692235-27591994, 210.68, Shipped To StockX, Fri 01 Oct 2021 - 02:27:28 PM, Not Set
adidas Yeezy Boost 350 V2 Mono Mist, GW2871, 9, 27671180-27570939, 222.01, Order Confirmed, Wed 29 Sep 2021 - 08:33:37 AM, Not Set
adidas Yeezy Boost 350 V2 Mono Mist, GW2871, 9, 27671180-27570939, 222.01, Shipped To StockX, Wed 29 Sep 2021 - 10:02:44 AM, Not Set
Jordan 3 Retro Racer Blue, CT8532-145, 8, 27353812-27253571, 200.38, Verified & Shipped, Wed 29 Sep 2021 - 07:28:27 PM, Not Set
Jordan 3 Retro Laser Orange (W), CK9246-108, 8W, 27692235-27591994, 210.68, Order Confirmed, Wed 29 Sep 2021 - 08:07:47 PM, Not Set
Jordan 3 Retro Varsity Royal Cement, CT8532-400, 10, 27346742-27246501, 237.46, Verified & Shipped, Sat 25 Sep 2021 - 12:55:36 AM, Not Set
adidas Yeezy Boost 380 Mist, FX9764, 12, 27274294-27174053, 199.35, Verified & Shipped, Wed 22 Sep 2021 - 08:25:45 PM, Not Set
adidas Yeezy Boost 700 MNVN Bright Cyan, GZ3079, 8.5, 27262875-27162634, 200.38, Shipped To StockX, Wed 22 Sep 2021 - 10:51:47 PM, Not Set
adidas Yeezy Boost 380 Mist, FX9764, 10.5, 27344489-27244248, 190.08, Shipped To StockX, Tue 21 Sep 2021 - 02:14:28 PM, Not Set
Jordan 5 Retro Alternate Bel-Air, DB3335-100, 9, 27093058-26992817, 190.08, Delivered, Tue 21 Sep 2021 - 02:24:47 PM, Not Set
adidas Yeezy Boost 380 Mist, FX9764, 10.5, 27344489-27244248, 190.08, Order Confirmed, Mon 20 Sep 2021 - 01:43:09 PM, Not Set
Jordan 3 Retro Varsity Royal Cement, CT8532-400, 10, 27346742-27246501, 237.46, Order Confirmed, Mon 20 Sep 2021 - 02:49:40 PM, Not Set
Jordan 3 Retro Racer Blue, CT8532-145, 8, 27353812-27253571, 200.38, Order Confirmed, Mon 20 Sep 2021 - 06:10:17 PM, Not Set
adidas Yeezy Boost 380 Mist, FX9764, 12, 27274294-27174053, 199.35, Order Confirmed, Sat 18 Sep 2021 - 10:32:14 AM, Not Set
adidas Yeezy Boost 700 MNVN Bright Cyan, GZ3079, 8.5, 27262875-27162634, 200.38, Order Confirmed, Fri 17 Sep 2021 - 11:07:41 PM, Not Set
Jordan 5 Retro Anthracite, DB0731-001, 11, 27060637-26960396, 277.63, Order Confirmed, Sun 12 Sep 2021 - 08:18:50 PM, Not Set
adidas Yeezy Boost 350 V2 Mono Mist, GW2871, 10.5, 26920676-26820435, 220.98, Shipped To StockX, Thu 09 Sep 2021 - 01:09:36 AM, Not Set
Jordan 9 Retro Dark Charcoal University Gold, CT8019-070, 10.5, 26918734-26818493, 254.97, Shipped To StockX, Thu 09 Sep 2021 - 08:16:11 AM, Not Set
adidas Yeezy Boost 350 V2 Mono Mist, GW2871, 8.5, 26813059-26712818, 226.13, Shipped To StockX, Thu 09 Sep 2021 - 09:32:10 AM, Not Set
Jordan 9 Retro Dark Charcoal University Gold, CT8019-070, 10, 26360613-26260372, 246.73, Delivered, Wed 08 Sep 2021 - 04:46:31 PM, Not Set
Jordan 9 Retro Change The World (W), CV0420-100, 11W, 26823401-26723160, 190.08, Shipped To StockX, Wed 08 Sep 2021 - 06:36:19 PM, Not Set
Jordan 9 Retro Dark Charcoal University Gold, CT8019-070, 10.5, 26918734-26818493, 254.97, Order Confirmed, Wed 08 Sep 2021 - 09:31:28 PM, Not Set
adidas Yeezy Boost 350 V2 Mono Mist, GW2871, 10.5, 26920676-26820435, 220.98, Order Confirmed, Wed 08 Sep 2021 - 10:16:00 PM, Not Set
adidas Yeezy Boost 350 V2 Mono Mist, GW2871, 8.5, 26813059-26712818, 226.13, Order Confirmed, Mon 06 Sep 2021 - 06:28:03 AM, Not Set
Jordan 9 Retro Change The World (W), CV0420-100, 11W, 26823401-26723160, 190.08, Order Confirmed, Mon 06 Sep 2021 - 01:11:32 PM, Not Set
Jordan 9 Retro Change The World (W), CV0420-100, 7W, 26834169-26733928, 159.90, Order Confirmed, Mon 06 Sep 2021 - 06:26:21 PM, Not Set
Jordan 9 Retro Dark Charcoal University Gold, CT8019-070, 11, 26802585-26702344, 246.73, Order Confirmed, Sun 05 Sep 2021 - 09:04:39 PM, Not Set
adidas Yeezy Boost 350 V2 Mono Mist, GW2871, 11, 26573898-26473657, 226.13, Shipped To StockX, Wed 01 Sep 2021 - 05:08:34 PM, Not Set
adidas Yeezy Boost 350 V2 Mono Mist, GW2871, 11, 26573898-26473657, 226.13, Order Confirmed, Tue 31 Aug 2021 - 06:05:34 AM, Not Set
Jordan 3 Retro Racer Blue, CT8532-145, 8, 26574204-26473963, 200.38, Order Confirmed, Tue 31 Aug 2021 - 06:25:53 AM, Not Set
Jordan 9 Retro Dark Charcoal University Gold (GS), 302359 070, 7Y, 26560827-26460586, 215.83, Shipped To StockX, Tue 31 Aug 2021 - 08:15:31 AM, Not Set
Jordan 9 Retro Dark Charcoal University Gold (GS), 302359 070, 7Y, 26560827-26460586, 215.83, Order Confirmed, Mon 30 Aug 2021 - 08:27:46 PM, Not Set
Jordan 9 Retro Dark Charcoal University Gold, CT8019-070, 8, 26314588-26214347, 236.43, Order Confirmed, Tue 24 Aug 2021 - 08:44:50 PM, Not Set